Time;Current;Temperature;Vbat1;Vbat2;Vbat3;Vbat4
0;2.116;24.19;3.98;4.04;4;4.03
1;2.109;24.19;3.98;4.02;4;4.02
3;2.114;24.19;3.98;4.02;4;4.03
5;2.111;24.19;3.98;4.02;4;4.01
7;2.114;24.19;3.98;4.02;4;4.03
9;2.111;24.19;3.98;4.02;4;4.01
11;2.113;24.19;3.98;4.02;4;4.01
13;2.111;24.19;3.98;4.02;4;4.03
15;2.107;24.19;3.98;4.02;4;4.01
16;2.111;24.19;3.98;4.01;4;4.03
18;2.107;24.19;3.98;4.01;3.99;4.01
20;2.107;24.19;3.98;4.01;4;4.01
22;2.107;24.19;3.97;4.01;3.99;4.02
24;2.111;24.19;3.98;4.01;3.99;4.01
26;2.109;24.19;3.98;4.01;3.99;4.01
28;2.111;24.19;3.97;4.01;3.99;4.02
30;2.107;24.19;3.98;4.01;3.99;4.01
31;2.111;24.19;3.97;4.01;3.99;4.02
33;2.111;24.19;3.98;4.01;3.99;4
35;2.111;24.19;3.97;4.01;3.99;4.02
37;2.109;24.19;3.97;4.01;3.99;4
39;2.113;24.19;3.97;4.01;3.99;4.02
41;2.109;24.19;3.97;4.01;3.99;4
43;2.111;24.19;3.97;4;3.99;4.02
44;2.113;24.19;3.97;4.03;3.99;4
46;2.111;24.19;3.97;4;3.99;4.02
48;2.105;24.19;3.97;4.01;3.99;4
50;2.107;24.19;3.97;4;3.99;4.02
52;2.111;24.19;3.97;4.02;3.99;4
54;2.109;24.19;3.97;4;3.98;4.01
56;2.105;24.19;3.97;4;3.99;4
58;2.109;24.19;3.97;4;3.98;4.01
59;2.107;24.19;3.97;4.02;3.98;4
61;2.107;24.19;3.97;4;3.98;4.01
63;2.104;24.19;3.97;4;3.98;4
65;2.105;24.19;3.97;4;3.98;4.01
67;2.109;24.19;3.97;4.02;3.98;3.99
69;2.107;24.19;3.97;4;3.98;4.01
71;2.104;24.19;3.97;4;3.98;3.99
73;2.104;24.19;3.97;4;3.98;4.01
74;2.104;24.19;3.97;4.02;3.98;3.99
76;2.102;24.19;3.97;4;3.98;4.01
78;2.105;24.19;3.97;4.02;3.98;3.99
80;2.102;24.19;3.97;4;3.98;4.01
82;2.107;24.19;3.97;4.02;3.98;3.99
84;2.104;24.19;3.97;4;3.98;4.01
86;2.102;24.19;3.97;4;3.98;3.99
88;2.102;24.25;3.97;4;3.98;4.01
89;2.105;24.19;3.97;4.02;3.98;3.99
91;2.102;24.25;3.97;4;3.98;4.01
93;2.104;24.25;3.97;4.02;3.98;3.99
95;2.102;24.25;3.97;4;3.98;4.01
97;2.105;24.25;3.97;4.02;3.98;3.99
99;2.105;24.25;3.97;4;3.98;4.01
101;2.102;24.25;3.96;4.02;3.98;3.99
103;2.098;24.25;3.96;4;3.98;4.01
104;2.1;24.25;3.96;4.02;3.98;3.99
106;2.1;24.25;3.96;4;3.98;4
108;2.1;24.25;3.97;4;3.98;3.99
110;2.102;24.25;3.96;3.99;3.97;4
112;2.102;24.25;3.96;4.01;3.97;3.99
114;2.102;24.25;3.96;3.99;3.97;4
116;2.102;24.25;3.96;4.01;3.97;3.99
117;2.1;24.25;3.96;3.99;3.97;4
119;2.104;24.31;3.96;4.01;3.97;3.99
121;2.1;24.25;3.96;3.99;3.97;4
123;2.102;24.31;3.96;4.01;3.97;3.98
125;2.102;24.31;3.96;3.99;3.97;4
127;2.096;24.31;3.97;3.99;3.97;3.99
129;2.1;24.31;3.96;3.99;3.97;4
131;2.098;24.31;3.96;4.01;3.97;3.98
132;2.1;24.31;3.96;3.99;3.97;4
134;2.098;24.31;3.96;4.01;3.97;3.98
136;2.098;24.31;3.96;3.99;3.97;4
138;2.098;24.31;3.96;4.01;3.97;3.98
140;2.1;24.31;3.96;3.99;3.97;4
142;2.102;24.31;3.96;4.01;3.97;3.98
144;2.1;24.31;3.96;3.99;3.97;4
146;2.1;24.31;3.96;4.01;3.97;3.98
147;2.1;24.31;3.96;3.99;3.97;4
149;2.096;24.31;3.96;4.01;3.97;3.98
151;2.1;24.37;3.96;3.99;3.97;4
153;2.098;24.37;3.96;4.01;3.97;3.98
155;2.096;24.31;3.96;3.99;3.97;4
157;2.098;24.37;3.96;4.01;3.97;3.98
159;2.093;24.37;3.96;3.99;3.97;4
161;2.096;24.37;3.96;4.01;3.97;3.98
162;2.096;24.37;3.96;3.99;3.97;4
164;2.096;24.37;3.96;4.01;3.97;3.98
166;2.095;24.37;3.96;3.99;3.97;4
168;2.095;24.37;3.96;4.01;3.97;3.98
170;2.095;24.37;3.96;3.99;3.97;4
172;2.098;24.37;3.96;4.01;3.97;3.98
174;2.098;24.37;3.96;3.99;3.97;4
176;2.096;24.37;3.96;4.01;3.97;3.98
177;2.093;24.37;3.96;3.98;3.97;4
179;2.091;24.37;3.96;4;3.97;3.98
181;2.093;24.37;3.96;3.98;3.97;3.99
183;2.095;24.44;3.96;4;3.97;3.98
185;2.095;24.44;3.96;3.98;3.97;3.99
187;2.096;24.44;3.96;4;3.97;3.98
189;2.093;24.44;3.96;3.98;3.96;3.99
190;2.095;24.44;3.96;4;3.96;3.98
192;2.095;24.44;3.96;3.98;3.96;3.99
194;2.096;24.44;3.96;4;3.96;3.98
196;2.096;24.44;3.96;3.98;3.96;3.99
198;2.095;24.44;3.96;4;3.96;3.98
200;2.091;24.44;3.96;3.98;3.96;3.99
202;2.095;24.44;3.96;4;3.96;3.97
204;2.095;24.44;3.96;3.98;3.96;3.99
205;2.093;24.44;3.96;4;3.96;3.97
207;2.095;24.44;3.96;3.98;3.96;3.99
209;2.091;24.44;3.96;4;3.96;3.97
211;2.091;24.44;3.96;3.98;3.96;3.99
213;2.095;24.44;3.96;4;3.96;3.98
215;2.091;24.44;3.96;3.98;3.96;3.99
217;2.093;24.5;3.96;4;3.96;3.98
219;2.089;24.5;3.96;3.98;3.96;3.99
220;2.089;24.5;3.96;4;3.96;3.97
222;2.093;24.5;3.96;3.98;3.96;3.99
224;2.093;24.5;3.96;4;3.96;3.97
226;2.091;24.5;3.96;3.98;3.96;3.99
228;2.093;24.5;3.96;4;3.96;3.97
230;2.087;24.5;3.96;3.98;3.96;3.99
232;2.086;24.5;3.96;4;3.96;3.97
234;2.093;24.5;3.96;3.98;3.96;3.99
235;2.091;24.5;3.96;4;3.96;3.97
237;2.089;24.5;3.96;3.98;3.96;3.99
239;2.091;24.5;3.96;4;3.96;3.97
241;2.086;24.56;3.96;3.98;3.96;3.99
243;2.091;24.56;3.96;4;3.96;3.97
245;2.087;24.56;3.96;3.98;3.96;3.99
247;2.086;24.56;3.96;4;3.96;3.97
249;2.089;24.56;3.96;3.98;3.96;3.99
250;2.087;24.56;3.96;4;3.96;3.97
252;2.087;24.56;3.96;3.98;3.96;3.99
254;2.087;24.56;3.96;4;3.96;3.97
256;2.084;24.56;3.96;3.98;3.96;3.98
258;2.082;24.56;3.96;4;3.96;3.97
260;2.089;24.56;3.96;3.97;3.96;3.98
262;2.089;24.62;3.96;3.99;3.96;3.96
264;2.091;24.56;3.96;3.97;3.96;3.98
265;2.089;24.62;3.96;3.99;3.96;3.96
267;2.087;24.62;3.96;3.97;3.96;3.98
269;2.089;24.62;3.96;3.99;3.96;3.97
271;2.086;24.56;3.96;3.97;3.96;3.98
273;2.086;24.62;3.96;3.99;3.96;3.96
275;2.086;24.62;3.96;3.97;3.95;3.98
277;2.087;24.62;3.96;3.99;3.95;3.97
278;2.087;24.62;3.96;3.97;3.95;3.98
280;2.087;24.62;3.96;3.99;3.95;3.96
282;2.086;24.62;3.96;3.97;3.95;3.98
284;2.086;24.62;3.96;3.99;3.95;3.97
286;2.086;24.62;3.96;3.97;3.95;3.98
288;2.087;24.62;3.96;3.99;3.95;3.96
290;2.084;24.62;3.96;3.97;3.95;3.98
292;2.084;24.62;3.96;3.99;3.95;3.96
293;2.082;24.62;3.96;3.97;3.95;3.98
295;2.084;24.69;3.96;3.99;3.95;3.96
297;2.086;24.69;3.96;3.97;3.95;3.98
299;2.084;24.69;3.96;3.99;3.95;3.96
301;2.084;24.69;3.96;3.97;3.95;3.98
303;2.084;24.69;3.96;3.99;3.95;3.96
305;2.084;24.69;3.96;3.97;3.95;3.98
307;2.08;24.69;3.96;3.99;3.95;3.96
308;2.082;24.69;3.96;3.97;3.95;3.98
310;2.086;24.69;3.96;3.99;3.95;3.96
312;2.084;24.69;3.96;3.97;3.95;3.98
314;2.084;24.75;3.95;3.99;3.95;3.96
316;2.084;24.75;3.95;3.97;3.95;3.98
318;2.084;24.75;3.95;3.99;3.95;3.96
320;2.08;24.75;3.95;3.97;3.95;3.98
322;2.084;24.75;3.95;3.99;3.95;3.96
323;2.08;24.75;3.95;3.97;3.95;3.98
325;2.08;24.75;3.95;3.99;3.95;3.96
327;2.082;24.75;3.95;3.97;3.95;3.98
329;2.082;24.75;3.95;3.99;3.95;3.96
331;2.08;24.75;3.95;3.97;3.95;3.97
333;2.08;24.75;3.95;3.99;3.95;3.96
335;2.08;24.75;3.95;3.97;3.95;3.98
337;2.08;24.81;3.95;3.99;3.95;3.96
338;2.082;24.75;3.95;3.97;3.95;3.97
340;2.084;24.81;3.95;3.99;3.95;3.96
342;2.08;24.81;3.95;3.97;3.95;3.97
344;2.082;24.81;3.95;3.98;3.95;3.96
346;2.082;24.81;3.95;3.97;3.95;3.97
348;2.082;24.81;3.95;3.98;3.95;3.96
350;2.084;24.81;3.95;3.97;3.95;3.97
351;2.079;24.81;3.95;3.98;3.95;3.96
353;2.077;24.81;3.95;3.96;3.95;3.97
355;2.08;24.81;3.95;3.98;3.95;3.96
357;2.08;24.81;3.95;3.96;3.95;3.97
359;2.082;24.81;3.95;3.98;3.95;3.95
361;2.079;24.87;3.95;3.96;3.95;3.97
363;2.079;24.87;3.95;3.98;3.95;3.95
365;2.079;24.87;3.95;3.96;3.95;3.97
366;2.079;24.87;3.95;3.98;3.95;3.95
368;2.077;24.87;3.95;3.96;3.95;3.97
370;2.077;24.87;3.95;3.98;3.95;3.95
372;2.073;24.87;3.95;3.96;3.95;3.97
374;2.08;24.87;3.95;3.98;3.95;3.95
376;2.077;24.87;3.95;3.96;3.95;3.97
378;2.077;24.87;3.95;3.98;3.95;3.95
380;2.075;24.87;3.95;3.96;3.95;3.97
381;2.077;24.94;3.95;3.98;3.95;3.95
383;2.077;24.87;3.95;3.96;3.95;3.97
385;2.077;24.94;3.95;3.98;3.95;3.95
387;2.077;24.94;3.95;3.96;3.95;3.97
389;2.077;24.94;3.95;3.98;3.95;3.95
391;2.077;24.94;3.95;3.96;3.95;3.97
393;2.077;24.94;3.95;3.98;3.95;3.95
395;2.079;24.94;3.95;3.96;3.95;3.97
396;2.08;24.94;3.95;3.98;3.95;3.96
398;2.079;24.94;3.95;3.96;3.95;3.97
400;2.079;24.94;3.95;3.98;3.94;3.95
402;2.073;24.94;3.95;3.96;3.94;3.97
404;2.077;24.94;3.95;3.98;3.95;3.95
406;2.077;25;3.95;3.96;3.94;3.96
408;2.07;25;3.95;3.98;3.94;3.95
410;2.075;25;3.95;3.96;3.94;3.96
411;2.075;25;3.95;3.98;3.94;3.95
413;2.077;25;3.95;3.96;3.94;3.96
415;2.077;25;3.95;3.97;3.94;3.96
417;2.075;25;3.95;3.96;3.94;3.96
419;2.073;25;3.95;3.98;3.94;3.95
421;2.073;25;3.95;3.96;3.94;3.96
423;2.079;25;3.95;3.98;3.94;3.95
424;2.075;25;3.95;3.96;3.94;3.96
426;2.075;25.06;3.95;3.97;3.94;3.95
428;2.075;25;3.95;3.96;3.94;3.96
430;2.073;25.06;3.95;3.97;3.94;3.95
432;2.073;25.06;3.95;3.95;3.94;3.96
434;2.075;25.06;3.95;3.97;3.94;3.96
436;2.071;25.06;3.95;3.95;3.94;3.96
438;2.075;25.06;3.95;3.97;3.94;3.96
439;2.075;25.06;3.95;3.95;3.94;3.96
441;2.073;25.06;3.95;3.97;3.94;3.94
443;2.073;25.06;3.95;3.95;3.94;3.96
445;2.07;25.12;3.95;3.97;3.94;3.94
447;2.075;25.12;3.95;3.95;3.94;3.96
449;2.073;25.12;3.95;3.97;3.94;3.94
451;2.073;25.12;3.95;3.95;3.94;3.96
453;2.073;25.12;3.95;3.97;3.94;3.94
454;2.071;25.12;3.95;3.95;3.94;3.96
456;2.07;25.12;3.95;3.97;3.94;3.94
458;2.068;25.12;3.95;3.95;3.94;3.96
460;2.075;25.12;3.94;3.97;3.94;3.96
462;2.071;25.12;3.95;3.95;3.94;3.96
464;2.071;25.12;3.95;3.97;3.94;3.94
466;2.068;25.12;3.95;3.95;3.94;3.96
468;2.07;25.12;3.94;3.97;3.94;3.96
469;2.071;25.12;3.95;3.95;3.94;3.96
471;2.073;25.19;3.95;3.97;3.94;3.94
473;2.07;25.19;3.95;3.95;3.94;3.96
475;2.071;25.19;3.95;3.97;3.94;3.94
477;2.068;25.19;3.95;3.95;3.94;3.96
479;2.071;25.19;3.94;3.97;3.94;3.96
481;2.07;25.19;3.95;3.95;3.94;3.96
483;2.07;25.19;3.95;3.97;3.94;3.94
484;2.07;25.19;3.94;3.95;3.94;3.96
486;2.071;25.19;3.94;3.97;3.94;3.95
488;2.07;25.25;3.94;3.95;3.94;3.96
490;2.071;25.19;3.94;3.97;3.94;3.94
492;2.07;25.19;3.94;3.95;3.94;3.96
494;2.07;25.25;3.94;3.96;3.93;3.96
496;2.07;25.25;3.94;3.95;3.93;3.96
498;2.071;25.25;3.94;3.97;3.94;3.94
499;2.07;25.25;3.94;3.95;3.94;3.95
501;2.071;25.25;3.94;3.96;3.93;3.95
503;2.07;25.25;3.94;3.95;3.93;3.96
505;2.068;25.25;3.94;3.96;3.94;3.94
507;2.066;25.25;3.94;3.94;3.94;3.95
509;2.068;25.25;3.94;3.96;3.93;3.94
511;2.07;25.31;3.94;3.94;3.93;3.95
512;2.068;25.25;3.94;3.96;3.93;3.95
514;2.068;25.31;3.94;3.94;3.93;3.95
516;2.07;25.25;3.94;3.96;3.93;3.95
518;2.07;25.31;3.94;3.94;3.93;3.95
520;2.068;25.31;3.94;3.96;3.93;3.93
522;2.066;25.31;3.94;3.94;3.93;3.95
524;2.07;25.31;3.94;3.96;3.93;3.95
526;2.07;25.31;3.94;3.94;3.93;3.95
527;2.068;25.31;3.94;3.96;3.93;3.95
529;2.062;25.31;3.94;3.94;3.93;3.95
531;2.068;25.31;3.94;3.96;3.93;3.95
533;2.066;25.37;3.94;3.94;3.93;3.95
535;2.066;25.31;3.94;3.96;3.93;3.94
537;2.064;25.31;3.94;3.94;3.93;3.95
539;2.061;25.31;3.94;3.96;3.93;3.95
541;2.064;25.37;3.94;3.94;3.93;3.95
542;2.064;25.37;3.94;3.96;3.93;3.93
544;2.064;25.37;3.94;3.94;3.93;3.95
546;2.064;25.37;3.94;3.96;3.93;3.93
548;2.064;25.37;3.94;3.94;3.93;3.95
550;2.068;25.37;3.94;3.96;3.93;3.95
552;2.064;25.37;3.94;3.94;3.93;3.95
554;2.064;25.37;3.94;3.95;3.93;3.95
556;2.064;25.37;3.94;3.94;3.93;3.95
557;2.064;25.37;3.94;3.96;3.93;3.93
559;2.064;25.37;3.94;3.94;3.93;3.95
561;2.066;25.37;3.94;3.95;3.93;3.95
563;2.066;25.37;3.94;3.94;3.93;3.95
565;2.062;25.37;3.94;3.95;3.93;3.93
567;2.059;25.37;3.94;3.93;3.93;3.95
569;2.066;25.37;3.93;3.95;3.92;3.94
571;2.059;25.37;3.94;3.93;3.93;3.95
572;2.061;25.37;3.94;3.95;3.93;3.93
574;2.061;25.37;3.94;3.93;3.93;3.95
576;2.061;25.44;3.94;3.95;3.93;3.93
578;2.062;25.44;3.94;3.93;3.93;3.94
580;2.064;25.44;3.93;3.95;3.92;3.94
582;2.061;25.44;3.94;3.93;3.92;3.94
584;2.064;25.44;3.93;3.95;3.92;3.94
585;2.059;25.44;3.94;3.93;3.93;3.94
587;2.062;25.44;3.93;3.95;3.92;3.94
589;2.059;25.44;3.94;3.93;3.92;3.94
591;2.061;25.44;3.93;3.95;3.92;3.94
593;2.061;25.44;3.93;3.93;3.92;3.94
595;2.061;25.44;3.93;3.95;3.92;3.94
597;2.059;25.44;3.93;3.93;3.92;3.94
599;2.062;25.44;3.93;3.95;3.92;3.94
600;2.061;25.44;3.93;3.93;3.92;3.94
602;2.059;25.44;3.93;3.95;3.92;3.93
604;2.057;25.44;3.93;3.93;3.92;3.94
606;2.064;25.44;3.93;3.95;3.92;3.94
608;2.061;25.44;3.93;3.93;3.92;3.94
610;2.061;25.44;3.93;3.94;3.92;3.94
612;2.061;25.44;3.93;3.93;3.92;3.94
614;2.059;25.44;3.93;3.94;3.92;3.94
615;2.053;25.44;3.93;3.93;3.92;3.94
617;2.061;25.44;3.93;3.94;3.92;3.92
619;2.061;25.44;3.93;3.92;3.92;3.94
621;2.061;25.44;3.93;3.94;3.92;3.94
623;2.059;25.44;3.93;3.92;3.92;3.94
625;2.061;25.44;3.93;3.94;3.92;3.94
627;2.059;25.44;3.93;3.92;3.92;3.94
629;2.061;25.44;3.93;3.94;3.92;3.93
630;2.053;25.44;3.93;3.92;3.92;3.93
632;2.057;25.44;3.93;3.94;3.92;3.93
634;2.055;25.5;3.93;3.92;3.92;3.93
636;2.057;25.5;3.93;3.94;3.92;3.93
638;2.059;25.44;3.93;3.94;3.92;3.93
640;2.053;25.5;3.93;3.92;3.92;3.93
642;2.061;25.5;3.93;3.94;3.92;3.93
644;2.055;25.5;3.93;3.92;3.92;3.93
645;2.059;25.5;3.92;3.94;3.92;3.93
647;2.057;25.5;3.92;3.94;3.92;3.93
649;2.059;25.5;3.93;3.92;3.92;3.93
651;2.059;25.5;3.92;3.94;3.91;3.93
653;2.061;25.5;3.92;3.94;3.91;3.93
655;2.057;25.5;3.93;3.92;3.92;3.93
657;2.059;25.5;3.92;3.93;3.91;3.93
658;2.057;25.5;3.92;3.93;3.91;3.93
660;2.057;25.5;3.92;3.94;3.91;3.93
662;2.059;25.5;3.92;3.94;3.91;3.93
664;2.055;25.5;3.93;3.92;3.91;3.93
666;2.057;25.5;3.92;3.93;3.91;3.93
668;2.059;25.5;3.92;3.93;3.91;3.93
670;2.057;25.5;3.92;3.93;3.91;3.93
672;2.053;25.5;3.92;3.92;3.91;3.93
673;2.057;25.5;3.92;3.93;3.91;3.92
675;2.057;25.5;3.92;3.93;3.91;3.92
677;2.05;25.5;3.92;3.91;3.91;3.92
679;2.055;25.5;3.92;3.93;3.91;3.92
681;2.057;25.5;3.92;3.93;3.91;3.92
683;2.055;25.5;3.92;3.91;3.91;3.92
685;2.055;25.56;3.92;3.93;3.91;3.92
687;2.053;25.5;3.92;3.93;3.91;3.92
688;2.053;25.56;3.92;3.93;3.91;3.92
690;2.057;25.5;3.92;3.93;3.91;3.92
692;2.052;25.56;3.92;3.91;3.91;3.92
694;2.057;25.56;3.92;3.93;3.91;3.92
696;2.055;25.56;3.92;3.93;3.91;3.92
698;2.053;25.56;3.92;3.93;3.91;3.92
700;2.052;25.56;3.92;3.93;3.91;3.92
702;2.05;25.56;3.92;3.91;3.91;3.92
703;2.052;25.56;3.92;3.93;3.91;3.92
705;2.053;25.56;3.91;3.93;3.91;3.92
707;2.055;25.56;3.91;3.93;3.91;3.92
709;2.052;25.56;3.91;3.93;3.91;3.92
711;2.053;25.56;3.91;3.93;3.91;3.92
713;2.048;25.56;3.91;3.93;3.91;3.92
715;2.05;25.56;3.92;3.91;3.91;3.92
717;2.05;25.56;3.91;3.92;3.91;3.92
718;2.052;25.56;3.91;3.92;3.91;3.92
720;2.052;25.56;3.91;3.92;3.9;3.92
722;2.048;25.56;3.91;3.92;3.9;3.92
724;2.048;25.56;3.91;3.92;3.9;3.92
726;2.05;25.56;3.91;3.92;3.9;3.91
728;2.048;25.56;3.91;3.92;3.9;3.92
730;2.048;25.56;3.91;3.92;3.9;3.91
732;2.05;25.62;3.91;3.92;3.9;3.91
733;2.045;25.62;3.91;3.9;3.9;3.91
735;2.052;25.62;3.91;3.92;3.9;3.91
737;2.048;25.56;3.91;3.92;3.9;3.91
739;2.046;25.62;3.91;3.92;3.9;3.91
741;2.046;25.62;3.91;3.92;3.9;3.91
743;2.05;25.62;3.91;3.92;3.9;3.91
745;2.05;25.62;3.91;3.92;3.9;3.91
746;2.048;25.62;3.91;3.92;3.9;3.91
748;2.048;25.62;3.91;3.92;3.9;3.91
750;2.05;25.62;3.91;3.92;3.9;3.91
752;2.048;25.62;3.91;3.92;3.9;3.91
754;2.045;25.62;3.91;3.92;3.9;3.91
756;2.046;25.62;3.91;3.92;3.9;3.91
758;2.045;25.62;3.9;3.92;3.9;3.91
760;2.045;25.62;3.9;3.92;3.9;3.91
761;2.046;25.62;3.9;3.92;3.9;3.91
763;2.046;25.62;3.9;3.91;3.9;3.91
765;2.046;25.62;3.9;3.91;3.9;3.9
767;2.045;25.62;3.91;3.9;3.9;3.91
769;2.043;25.62;3.9;3.91;3.9;3.9
771;2.045;25.62;3.9;3.91;3.9;3.9
773;2.045;25.62;3.9;3.91;3.89;3.9
775;2.045;25.62;3.9;3.91;3.9;3.9
776;2.045;25.62;3.9;3.91;3.89;3.9
778;2.043;25.62;3.9;3.91;3.89;3.9
780;2.045;25.69;3.9;3.91;3.89;3.9
782;2.041;25.69;3.9;3.91;3.89;3.9
784;2.043;25.69;3.9;3.91;3.89;3.9
786;2.041;25.69;3.9;3.91;3.89;3.9
788;2.046;25.69;3.9;3.91;3.89;3.9
790;2.043;25.69;3.9;3.91;3.89;3.9
791;2.039;25.69;3.9;3.89;3.89;3.9
793;2.043;25.69;3.9;3.91;3.89;3.9
795;2.041;25.69;3.9;3.91;3.89;3.9
797;2.043;25.69;3.9;3.91;3.89;3.9
799;2.037;25.69;3.9;3.91;3.89;3.9
801;2.043;25.69;3.9;3.91;3.89;3.9
803;2.043;25.69;3.9;3.9;3.89;3.9
805;2.043;25.69;3.89;3.91;3.89;3.9
806;2.039;25.69;3.89;3.9;3.89;3.89
808;2.041;25.69;3.89;3.9;3.89;3.9
810;2.041;25.69;3.89;3.9;3.89;3.89
812;2.043;25.69;3.89;3.9;3.89;3.89
814;2.037;25.69;3.89;3.9;3.89;3.89
816;2.034;25.69;3.89;3.9;3.89;3.89
818;2.036;25.69;3.89;3.9;3.89;3.89
819;2.039;25.69;3.89;3.9;3.88;3.89
821;2.037;25.69;3.89;3.9;3.88;3.89
823;2.034;25.69;3.89;3.9;3.88;3.89
825;2.039;25.69;3.89;3.9;3.88;3.89
827;2.036;25.69;3.89;3.9;3.88;3.89
829;2.037;25.69;3.89;3.9;3.88;3.89
831;2.036;25.69;3.89;3.9;3.88;3.89
833;2.036;25.69;3.89;3.9;3.88;3.89
834;2.032;25.69;3.89;3.9;3.88;3.89
836;2.036;25.69;3.89;3.9;3.88;3.89
838;2.03;25.69;3.89;3.9;3.88;3.89
840;2.036;25.69;3.89;3.88;3.88;3.89
842;2.036;25.69;3.89;3.9;3.88;3.89
844;2.034;25.69;3.89;3.9;3.88;3.89
846;2.034;25.69;3.89;3.9;3.88;3.89
848;2.032;25.75;3.89;3.89;3.88;3.88
849;2.034;25.69;3.89;3.89;3.88;3.88
851;2.032;25.69;3.88;3.89;3.88;3.88
853;2.034;25.69;3.88;3.89;3.88;3.88
855;2.03;25.69;3.88;3.89;3.88;3.88
857;2.032;25.75;3.88;3.89;3.88;3.88
859;2.032;25.69;3.89;3.87;3.88;3.88
861;2.036;25.75;3.88;3.89;3.88;3.88
863;2.036;25.75;3.88;3.89;3.88;3.88
864;2.032;25.75;3.88;3.89;3.88;3.88
866;2.03;25.75;3.88;3.89;3.87;3.88
868;2.028;25.75;3.88;3.89;3.87;3.88
870;2.034;25.75;3.88;3.89;3.87;3.88
872;2.03;25.75;3.88;3.89;3.87;3.88
874;2.028;25.75;3.88;3.89;3.87;3.88
876;2.023;25.75;3.88;3.89;3.87;3.88
878;2.028;25.75;3.88;3.89;3.87;3.87
879;2.027;25.75;3.88;3.89;3.87;3.87
881;2.028;25.75;3.88;3.89;3.87;3.87
883;2.027;25.75;3.88;3.89;3.87;3.88
885;2.03;25.75;3.88;3.89;3.87;3.87
887;2.03;25.75;3.88;3.89;3.87;3.88
889;2.027;25.75;3.88;3.89;3.87;3.87
891;2.03;25.75;3.88;3.88;3.87;3.87
892;2.025;25.75;3.88;3.88;3.87;3.87
894;2.027;25.75;3.87;3.88;3.87;3.87
896;2.03;25.75;3.87;3.88;3.87;3.87
898;2.023;25.75;3.87;3.88;3.87;3.87
900;2.027;25.81;3.87;3.88;3.87;3.87
902;2.028;25.81;3.87;3.88;3.87;3.87
904;2.027;25.81;3.87;3.88;3.87;3.87
906;2.025;25.75;3.87;3.88;3.87;3.87
907;2.03;25.75;3.87;3.88;3.87;3.87
909;2.023;25.81;3.87;3.88;3.86;3.87
911;2.025;25.81;3.87;3.88;3.86;3.87
913;2.027;25.81;3.87;3.88;3.86;3.87
915;2.027;25.81;3.87;3.88;3.86;3.87
917;2.023;25.81;3.87;3.88;3.86;3.87
919;2.023;25.81;3.87;3.88;3.86;3.87
921;2.023;25.81;3.87;3.88;3.86;3.87
922;2.023;25.75;3.87;3.88;3.86;3.87
924;2.021;25.81;3.87;3.88;3.86;3.87
926;2.021;25.81;3.87;3.88;3.86;3.87
928;2.019;25.81;3.87;3.88;3.86;3.87
930;2.021;25.81;3.87;3.88;3.86;3.87
932;2.021;25.81;3.87;3.88;3.86;3.86
934;2.025;25.81;3.87;3.87;3.86;3.86
936;2.023;25.81;3.87;3.87;3.86;3.86
937;2.025;25.81;3.86;3.87;3.86;3.87
939;2.021;25.81;3.86;3.87;3.86;3.86
941;2.021;25.81;3.86;3.87;3.86;3.86
943;2.023;25.81;3.86;3.87;3.86;3.86
945;2.021;25.81;3.86;3.87;3.86;3.86
947;2.021;25.81;3.86;3.87;3.86;3.86
949;2.019;25.81;3.86;3.87;3.86;3.86
951;2.021;25.81;3.86;3.87;3.86;3.86
952;2.021;25.81;3.86;3.87;3.85;3.86
954;2.021;25.81;3.86;3.87;3.86;3.86
956;2.018;25.81;3.86;3.87;3.85;3.86
958;2.019;25.81;3.86;3.87;3.85;3.86
960;2.016;25.81;3.86;3.87;3.85;3.86
962;2.021;25.81;3.86;3.87;3.85;3.86
964;2.018;25.81;3.86;3.87;3.85;3.86
966;2.023;25.81;3.86;3.87;3.85;3.86
967;2.021;25.81;3.86;3.87;3.85;3.86
969;2.019;25.81;3.86;3.87;3.85;3.86
971;2.019;25.81;3.86;3.87;3.85;3.86
973;2.019;25.81;3.86;3.87;3.85;3.86
975;2.019;25.81;3.86;3.87;3.85;3.86
977;2.016;25.81;3.86;3.87;3.85;3.85
979;2.018;25.81;3.86;3.87;3.85;3.85
980;2.016;25.87;3.86;3.85;3.85;3.85
982;2.016;25.81;3.85;3.86;3.85;3.85
984;2.021;25.87;3.85;3.86;3.85;3.85
986;2.019;25.81;3.85;3.86;3.85;3.85
988;2.016;25.87;3.85;3.86;3.85;3.85
990;2.016;25.87;3.86;3.85;3.85;3.85
992;2.018;25.87;3.85;3.86;3.85;3.85
994;2.016;25.87;3.85;3.86;3.84;3.85
995;2.018;25.87;3.85;3.86;3.84;3.85
997;2.016;25.87;3.85;3.86;3.84;3.85
999;2.014;25.87;3.85;3.86;3.84;3.85
1001;2.012;25.87;3.85;3.86;3.84;3.85
1003;2.016;25.87;3.85;3.86;3.84;3.85
1005;2.014;25.87;3.85;3.86;3.84;3.85
1007;2.016;25.87;3.85;3.86;3.84;3.85
1009;2.012;25.87;3.85;3.86;3.84;3.85
1010;2.014;25.87;3.85;3.86;3.84;3.85
1012;2.012;25.87;3.85;3.86;3.84;3.85
1014;2.012;25.87;3.85;3.86;3.84;3.85
1016;2.014;25.87;3.85;3.86;3.84;3.84
1018;2.012;25.87;3.85;3.86;3.84;3.84
1020;2.012;25.87;3.85;3.86;3.84;3.84
1022;2.011;25.87;3.85;3.84;3.84;3.84
1024;2.016;25.87;3.85;3.85;3.84;3.84
1025;2.012;25.87;3.84;3.85;3.84;3.84
1027;2.009;25.87;3.84;3.85;3.84;3.84
1029;2.009;25.87;3.85;3.84;3.84;3.84
1031;2.012;25.87;3.84;3.85;3.84;3.84
1033;2.012;25.87;3.84;3.85;3.84;3.84
1035;2.012;25.87;3.84;3.85;3.84;3.84
1037;2.014;25.87;3.84;3.85;3.84;3.84
1039;2.011;25.87;3.84;3.85;3.84;3.84
1040;2.014;25.87;3.84;3.85;3.83;3.84
1042;2.014;25.87;3.84;3.85;3.83;3.84
1044;2.011;25.87;3.84;3.85;3.83;3.84
1046;2.014;25.87;3.84;3.85;3.83;3.84
1048;2.011;25.87;3.84;3.85;3.83;3.84
1050;2.007;25.87;3.84;3.85;3.83;3.84
1052;2.009;25.87;3.84;3.85;3.83;3.84
1053;2.009;25.87;3.84;3.85;3.83;3.84
1055;2.007;25.94;3.84;3.85;3.83;3.84
1057;2.011;25.94;3.84;3.85;3.83;3.84
1059;2.009;25.94;3.84;3.85;3.83;3.84
1061;2.009;25.94;3.84;3.85;3.83;3.84
1063;2.007;25.94;3.84;3.85;3.83;3.84
1065;2.009;25.94;3.84;3.85;3.83;3.84
1067;2.011;25.94;3.84;3.85;3.83;3.84
1068;2.009;25.94;3.84;3.85;3.83;3.83
1070;2.005;25.94;3.84;3.85;3.83;3.83
1072;2.005;25.94;3.84;3.83;3.83;3.84
1074;2.009;25.94;3.83;3.84;3.83;3.83
1076;2.007;25.94;3.83;3.84;3.83;3.83
1078;2.007;25.94;3.83;3.84;3.83;3.83
1080;2.009;25.94;3.83;3.84;3.83;3.83
1082;2.007;25.94;3.83;3.84;3.83;3.83
1083;2.007;25.94;3.83;3.84;3.82;3.83
1085;2.007;25.94;3.83;3.84;3.82;3.83
1087;2.002;25.94;3.83;3.83;3.83;3.83
1089;2.007;25.94;3.83;3.84;3.82;3.83
1091;2.007;25.94;3.83;3.84;3.82;3.83
1093;2.003;25.94;3.83;3.84;3.82;3.83
1095;2.007;25.94;3.83;3.84;3.82;3.83
1097;2.003;25.94;3.83;3.84;3.82;3.83
1098;2.005;25.94;3.83;3.84;3.82;3.83
1100;2.003;25.94;3.83;3.82;3.82;3.83
1102;2.009;26;3.83;3.84;3.82;3.83
1104;2.007;25.94;3.83;3.84;3.82;3.83
1106;2.003;25.94;3.83;3.84;3.82;3.83
1108;2.003;25.94;3.83;3.82;3.82;3.83
1110;2.007;26;3.83;3.84;3.82;3.83
1112;2.005;25.94;3.83;3.84;3.82;3.83
1113;2.002;26;3.83;3.84;3.82;3.83
1115;2.003;26;3.83;3.84;3.82;3.83
1117;2.003;25.94;3.83;3.82;3.82;3.83
1119;2.005;25.94;3.83;3.83;3.82;3.82
1121;2.003;26;3.83;3.83;3.82;3.82
1123;2.003;25.94;3.82;3.83;3.82;3.82
1125;2;25.94;3.83;3.82;3.82;3.82
1126;2.007;26;3.82;3.83;3.82;3.82
1128;2.002;25.94;3.82;3.83;3.82;3.82
1130;2;26;3.82;3.83;3.81;3.82
1132;2;26;3.83;3.82;3.82;3.82
1134;2.005;26;3.82;3.83;3.81;3.82
1136;2.002;26;3.82;3.83;3.81;3.82
1138;2.002;26;3.82;3.83;3.81;3.82
1140;2;26;3.82;3.83;3.81;3.82
1141;1.996;26;3.82;3.81;3.81;3.82
1143;2.002;26;3.82;3.83;3.81;3.82
1145;1.998;26;3.82;3.83;3.81;3.82
1147;2.002;26;3.82;3.83;3.81;3.82
1149;1.996;26;3.82;3.81;3.81;3.82
1151;2;26;3.82;3.83;3.81;3.82
1153;2.002;26;3.82;3.83;3.81;3.82
1155;2;26;3.82;3.83;3.81;3.82
1156;1.998;26;3.82;3.83;3.81;3.82
1158;2;26;3.82;3.81;3.81;3.82
1160;2.003;26;3.82;3.83;3.81;3.82
1162;2.002;26;3.82;3.83;3.81;3.82
1164;1.996;26;3.82;3.83;3.81;3.82
1166;2.002;26;3.82;3.83;3.81;3.82
1168;1.998;26;3.82;3.81;3.81;3.82
1170;1.998;26;3.82;3.83;3.81;3.82
1171;1.998;26;3.82;3.83;3.81;3.82
1173;2;26;3.82;3.82;3.81;3.82
1175;1.998;26;3.81;3.83;3.8;3.82
1177;1.998;26;3.81;3.82;3.81;3.82
1179;1.998;26;3.81;3.82;3.8;3.82
1181;1.998;26;3.81;3.82;3.81;3.81
1183;1.998;26;3.82;3.81;3.8;3.81
1185;1.998;26;3.81;3.82;3.8;3.81
1186;2;26;3.81;3.82;3.8;3.81
1188;1.996;26;3.82;3.81;3.8;3.81
1190;1.994;26;3.81;3.82;3.8;3.81
1192;1.998;26;3.81;3.82;3.8;3.81
1194;2;26;3.81;3.82;3.8;3.81
1196;1.991;26;3.81;3.8;3.8;3.81
1198;1.994;26;3.81;3.82;3.8;3.81
1200;1.996;26;3.81;3.82;3.8;3.81
1201;1.994;26;3.81;3.82;3.8;3.81
1203;1.993;26;3.81;3.8;3.8;3.81
1205;1.994;26.06;3.81;3.82;3.8;3.81
1207;1.998;26.06;3.81;3.82;3.8;3.81
1209;1.996;26.06;3.81;3.82;3.8;3.81
1211;1.996;26.06;3.81;3.82;3.8;3.81
1213;1.993;26.06;3.81;3.8;3.8;3.81
1214;1.994;26.06;3.81;3.82;3.8;3.81
1216;1.991;26.06;3.81;3.8;3.8;3.81
1218;1.994;26.06;3.81;3.82;3.8;3.81
1220;1.993;26.06;3.81;3.82;3.8;3.81
1222;1.996;26;3.81;3.82;3.8;3.81
1224;1.994;26.06;3.81;3.82;3.8;3.81
1226;1.994;26.06;3.81;3.82;3.79;3.81
1228;1.994;26;3.81;3.82;3.8;3.81
1229;1.996;26.06;3.81;3.82;3.79;3.81
1231;1.993;26.06;3.81;3.82;3.79;3.81
1233;1.989;26.06;3.81;3.8;3.8;3.81
1235;1.994;26.06;3.8;3.81;3.79;3.81
1237;1.993;26.06;3.8;3.82;3.79;3.81
1239;1.991;26.06;3.81;3.8;3.79;3.81
1241;1.993;26.06;3.8;3.81;3.79;3.81
1243;1.993;26.06;3.8;3.81;3.79;3.81
1244;1.996;26.06;3.8;3.81;3.79;3.81
1246;1.989;26.06;3.8;3.81;3.79;3.81
1248;1.991;26.06;3.8;3.81;3.79;3.81
1250;1.991;26.06;3.8;3.81;3.79;3.8
1252;1.993;26.06;3.81;3.8;3.79;3.81
1254;1.993;26.06;3.8;3.81;3.79;3.8
1256;1.989;26.06;3.8;3.81;3.79;3.8
1258;1.993;26.06;3.8;3.81;3.79;3.8
1259;1.991;26.06;3.8;3.81;3.79;3.8
1261;1.993;26.06;3.8;3.79;3.79;3.8
1263;1.991;26.06;3.8;3.81;3.79;3.8
1265;1.989;26.06;3.8;3.81;3.79;3.8
1267;1.989;26.06;3.8;3.79;3.79;3.8
1269;1.987;26.06;3.8;3.81;3.79;3.8
1271;1.989;26.06;3.8;3.81;3.79;3.8
1273;1.984;26.06;3.8;3.81;3.79;3.8
1274;1.987;26.06;3.8;3.81;3.79;3.8
1276;1.989;26.06;3.8;3.79;3.79;3.8
1278;1.989;26.06;3.8;3.81;3.79;3.8
1280;1.989;26.06;3.8;3.81;3.78;3.8
1282;1.987;26.06;3.8;3.79;3.79;3.8
1284;1.989;26.06;3.8;3.81;3.78;3.8
1286;1.987;26.06;3.8;3.81;3.78;3.8
1287;1.987;26.06;3.8;3.81;3.78;3.8
1289;1.987;26.06;3.8;3.79;3.78;3.8
1291;1.989;26.06;3.8;3.81;3.78;3.8
1293;1.986;26.06;3.8;3.81;3.78;3.8
1295;1.989;26.06;3.8;3.81;3.78;3.8
1297;1.987;26.06;3.79;3.81;3.78;3.8
1299;1.987;26.06;3.8;3.79;3.78;3.8
1301;1.986;26.06;3.79;3.8;3.78;3.8
1302;1.987;26.06;3.79;3.8;3.78;3.8
1304;1.987;26.06;3.79;3.8;3.78;3.8
1306;1.987;26.06;3.79;3.8;3.78;3.79
1308;1.986;26.06;3.8;3.79;3.78;3.8
1310;1.984;26.06;3.79;3.8;3.78;3.8
1312;1.986;26.06;3.79;3.8;3.78;3.79
1314;1.986;26.06;3.79;3.8;3.78;3.79
1316;1.986;26.06;3.79;3.8;3.78;3.79
1317;1.982;26.06;3.79;3.79;3.78;3.79
1319;1.984;26.06;3.79;3.8;3.78;3.79
1321;1.984;26.06;3.79;3.78;3.78;3.8
1323;1.989;26.06;3.79;3.8;3.78;3.79
1325;1.986;26.12;3.79;3.8;3.78;3.79
1327;1.987;26.06;3.79;3.8;3.78;3.79
1329;1.987;26.06;3.79;3.8;3.78;3.79
1331;1.98;26.12;3.79;3.78;3.78;3.79
1332;1.987;26.06;3.79;3.8;3.78;3.79
1334;1.987;26.06;3.79;3.8;3.78;3.79
1336;1.984;26.06;3.79;3.78;3.78;3.79
1338;1.986;26.06;3.79;3.8;3.78;3.79
1340;1.986;26.06;3.79;3.8;3.78;3.79
1342;1.986;26.12;3.79;3.8;3.78;3.79
1344;1.984;26.06;3.79;3.8;3.78;3.79
1346;1.98;26.12;3.79;3.78;3.78;3.79
1347;1.986;26.12;3.79;3.8;3.77;3.79
1349;1.982;26.06;3.79;3.8;3.78;3.79
1351;1.986;26.12;3.79;3.8;3.78;3.79
1353;1.984;26.12;3.79;3.8;3.77;3.79
1355;1.982;26.12;3.79;3.78;3.78;3.79
1357;1.986;26.12;3.79;3.8;3.77;3.79
1359;1.984;26.12;3.79;3.8;3.77;3.79
1360;1.986;26.12;3.79;3.8;3.77;3.79
1362;1.982;26.12;3.79;3.8;3.77;3.79
1364;1.98;26.12;3.79;3.78;3.77;3.79
1366;1.982;26.12;3.78;3.79;3.77;3.79
1368;1.982;26.12;3.78;3.79;3.77;3.79
1370;1.982;26.12;3.78;3.79;3.77;3.79
1372;1.984;26.12;3.79;3.78;3.77;3.79
1374;1.978;26.12;3.78;3.79;3.77;3.79
1375;1.982;26.12;3.78;3.79;3.77;3.79
1377;1.984;26.12;3.78;3.79;3.77;3.78
1379;1.98;26.12;3.78;3.79;3.77;3.79
1381;1.98;26.12;3.79;3.78;3.77;3.79
1383;1.984;26.12;3.78;3.79;3.77;3.78
1385;1.984;26.12;3.79;3.77;3.77;3.78
1387;1.982;26.12;3.78;3.79;3.77;3.78
1389;1.982;26.12;3.78;3.79;3.77;3.78
1390;1.98;26.12;3.78;3.79;3.77;3.78
1392;1.978;26.12;3.78;3.79;3.77;3.78
1394;1.975;26.12;3.78;3.77;3.77;3.78
1396;1.982;26.12;3.78;3.79;3.77;3.78
1398;1.98;26.12;3.78;3.79;3.77;3.78
1400;1.982;26.12;3.78;3.79;3.77;3.78
1402;1.978;26.12;3.78;3.77;3.77;3.78
1404;1.98;26.12;3.78;3.79;3.77;3.78
1405;1.98;26.12;3.78;3.79;3.77;3.78
1407;1.982;26.12;3.78;3.79;3.77;3.78
1409;1.977;26.12;3.78;3.77;3.77;3.78
1411;1.978;26.12;3.78;3.79;3.77;3.78
1413;1.98;26.12;3.78;3.79;3.76;3.78
1415;1.98;26.12;3.78;3.79;3.76;3.78
1417;1.977;26.12;3.78;3.79;3.76;3.78
1419;1.978;26.12;3.78;3.77;3.77;3.78
1420;1.984;26.12;3.78;3.79;3.76;3.78
1422;1.982;26.12;3.78;3.79;3.76;3.78
1424;1.98;26.12;3.78;3.79;3.76;3.78
1426;1.978;26.12;3.78;3.79;3.76;3.78
1428;1.98;26.12;3.78;3.79;3.76;3.78
1430;1.977;26.12;3.78;3.77;3.76;3.78
1432;1.98;26.12;3.78;3.78;3.76;3.78
1434;1.978;26.12;3.78;3.78;3.76;3.78
1435;1.978;26.12;3.78;3.78;3.76;3.78
1437;1.977;26.12;3.78;3.77;3.76;3.78
1439;1.973;26.12;3.77;3.78;3.76;3.78
1441;1.977;26.12;3.77;3.78;3.76;3.78
1443;1.978;26.12;3.77;3.78;3.76;3.78
1445;1.977;26.19;3.78;3.77;3.76;3.78
1447;1.977;26.19;3.77;3.78;3.76;3.78
1448;1.978;26.12;3.77;3.78;3.76;3.78
1450;1.977;26.19;3.77;3.78;3.76;3.78
1452;1.977;26.19;3.77;3.78;3.76;3.78
1454;1.973;26.19;3.78;3.77;3.76;3.78
1456;1.978;26.19;3.77;3.78;3.76;3.77
1458;1.977;26.19;3.77;3.78;3.76;3.77
1460;1.977;26.12;3.77;3.78;3.76;3.77
1462;1.977;26.19;3.77;3.78;3.76;3.77
1463;1.975;26.19;3.77;3.76;3.76;3.77
1465;1.977;26.19;3.77;3.78;3.76;3.77
1467;1.975;26.19;3.77;3.78;3.76;3.77
1469;1.975;26.19;3.77;3.76;3.76;3.77
1471;1.977;26.19;3.77;3.78;3.76;3.77
1473;1.977;26.19;3.77;3.78;3.76;3.77
1475;1.978;26.19;3.77;3.78;3.76;3.77
1477;1.975;26.19;3.77;3.78;3.76;3.77
1478;1.978;26.19;3.77;3.78;3.76;3.77
1480;1.975;26.19;3.77;3.76;3.76;3.77
1482;1.973;26.19;3.77;3.78;3.75;3.77
1484;1.977;26.19;3.77;3.78;3.75;3.77
1486;1.978;26.19;3.77;3.78;3.75;3.77
1488;1.975;26.19;3.77;3.78;3.75;3.77
1490;1.973;26.19;3.77;3.76;3.76;3.77
1492;1.975;26.19;3.77;3.78;3.75;3.77
1493;1.975;26.19;3.77;3.78;3.75;3.77
1495;1.975;26.19;3.77;3.78;3.75;3.77
1497;1.973;26.19;3.77;3.76;3.75;3.77
1499;1.971;26.19;3.77;3.77;3.75;3.77
1501;1.973;26.19;3.77;3.77;3.75;3.77
1503;1.971;26.19;3.77;3.77;3.75;3.77
1505;1.973;26.19;3.77;3.77;3.75;3.77
1507;1.973;26.19;3.77;3.77;3.75;3.77
1508;1.971;26.19;3.77;3.76;3.75;3.77
1510;1.973;26.19;3.77;3.77;3.75;3.77
1512;1.973;26.19;3.76;3.77;3.75;3.76
1514;1.973;26.19;3.76;3.77;3.75;3.77
1516;1.971;26.19;3.76;3.77;3.75;3.77
1518;1.973;26.19;3.76;3.77;3.75;3.77
1520;1.971;26.19;3.76;3.77;3.75;3.77
1521;1.971;26.19;3.76;3.77;3.75;3.77
1523;1.973;26.19;3.76;3.77;3.75;3.77
1525;1.975;26.19;3.76;3.77;3.75;3.77
1527;1.971;26.19;3.76;3.77;3.75;3.77
1529;1.973;26.19;3.76;3.77;3.75;3.77
1531;1.971;26.19;3.76;3.77;3.75;3.76
1533;1.971;26.19;3.76;3.77;3.75;3.76
1535;1.973;26.19;3.76;3.77;3.75;3.77
1536;1.969;26.19;3.76;3.77;3.75;3.77
1538;1.971;26.19;3.76;3.77;3.75;3.77
1540;1.973;26.19;3.76;3.77;3.75;3.77
1542;1.971;26.19;3.76;3.77;3.75;3.76
1544;1.971;26.19;3.76;3.77;3.75;3.76
1546;1.971;26.19;3.76;3.77;3.75;3.76
1548;1.973;26.19;3.76;3.77;3.75;3.76
1550;1.973;26.19;3.76;3.75;3.75;3.76
1551;1.968;26.19;3.76;3.77;3.75;3.76
1553;1.971;26.19;3.76;3.77;3.75;3.76
1555;1.969;26.19;3.76;3.77;3.74;3.76
1557;1.969;26.19;3.76;3.77;3.75;3.76
1559;1.971;26.19;3.76;3.77;3.74;3.76
1561;1.969;26.19;3.76;3.77;3.74;3.76
1563;1.968;26.25;3.76;3.77;3.74;3.76
1565;1.971;26.19;3.76;3.77;3.74;3.76
1566;1.966;26.19;3.76;3.75;3.75;3.76
1568;1.971;26.19;3.76;3.76;3.74;3.76
1570;1.966;26.19;3.76;3.76;3.74;3.76
1572;1.968;26.25;3.76;3.76;3.74;3.76
1574;1.968;26.19;3.76;3.76;3.74;3.76
1576;1.969;26.25;3.76;3.76;3.74;3.76
1578;1.968;26.25;3.76;3.76;3.74;3.76
1580;1.969;26.19;3.76;3.76;3.74;3.76
1581;1.969;26.25;3.76;3.76;3.74;3.76
1583;1.971;26.25;3.76;3.76;3.74;3.76
1585;1.968;26.25;3.75;3.76;3.74;3.76
1587;1.966;26.25;3.75;3.76;3.74;3.75
1589;1.969;26.25;3.75;3.76;3.74;3.76
1591;1.969;26.25;3.75;3.76;3.74;3.76
1593;1.968;26.25;3.75;3.76;3.74;3.76
1594;1.968;26.25;3.75;3.76;3.74;3.75
1596;1.966;26.25;3.75;3.76;3.74;3.75
1598;1.968;26.19;3.75;3.76;3.74;3.75
1600;1.969;26.25;3.75;3.76;3.74;3.75
1602;1.966;26.25;3.75;3.76;3.74;3.75
1604;1.962;26.25;3.76;3.74;3.74;3.75
1606;1.964;26.25;3.75;3.76;3.74;3.75
1608;1.969;26.25;3.75;3.76;3.74;3.75
1609;1.966;26.25;3.75;3.76;3.74;3.75
1611;1.968;26.25;3.75;3.76;3.74;3.75
1613;1.968;26.25;3.75;3.76;3.74;3.75
1615;1.964;26.25;3.75;3.76;3.74;3.75
1617;1.964;26.25;3.75;3.76;3.74;3.75
1619;1.964;26.25;3.75;3.76;3.74;3.75
1621;1.966;26.25;3.75;3.76;3.74;3.75
1623;1.964;26.25;3.75;3.76;3.74;3.75
1624;1.968;26.25;3.75;3.76;3.74;3.75
1626;1.964;26.25;3.75;3.76;3.74;3.75
1628;1.964;26.25;3.75;3.76;3.74;3.75
1630;1.968;26.25;3.75;3.76;3.74;3.75
1632;1.966;26.25;3.75;3.76;3.73;3.75
1634;1.968;26.25;3.75;3.76;3.74;3.75
1636;1.964;26.25;3.75;3.76;3.73;3.75
1638;1.964;26.25;3.75;3.76;3.73;3.75
1639;1.966;26.25;3.75;3.76;3.73;3.75
1641;1.96;26.25;3.75;3.76;3.73;3.75
1643;1.966;26.25;3.75;3.75;3.73;3.75
1645;1.962;26.25;3.75;3.75;3.73;3.75
1647;1.962;26.25;3.75;3.75;3.73;3.75
1649;1.962;26.25;3.75;3.75;3.73;3.75
1651;1.962;26.25;3.75;3.75;3.73;3.75
1653;1.96;26.25;3.75;3.75;3.73;3.75
1654;1.96;26.25;3.75;3.75;3.73;3.75
1656;1.962;26.25;3.75;3.75;3.73;3.74
1658;1.964;26.25;3.74;3.75;3.73;3.74
1660;1.962;26.25;3.74;3.75;3.73;3.74
1662;1.964;26.25;3.74;3.75;3.73;3.75
1664;1.964;26.25;3.74;3.75;3.73;3.74
1666;1.959;26.25;3.74;3.75;3.73;3.74
1668;1.966;26.25;3.74;3.75;3.73;3.74
1669;1.959;26.25;3.74;3.75;3.73;3.74
1671;1.966;26.25;3.74;3.75;3.73;3.74
1673;1.96;26.25;3.74;3.75;3.73;3.74
1675;1.96;26.31;3.74;3.75;3.73;3.74
1677;1.96;26.25;3.74;3.75;3.73;3.74
1679;1.962;26.25;3.74;3.75;3.73;3.74
1681;1.959;26.25;3.74;3.75;3.73;3.74
1682;1.962;26.25;3.74;3.75;3.73;3.74
1684;1.959;26.25;3.74;3.75;3.73;3.74
1686;1.964;26.31;3.74;3.75;3.73;3.74
1688;1.96;26.25;3.74;3.75;3.73;3.74
1690;1.962;26.25;3.74;3.75;3.73;3.74
1692;1.96;26.31;3.74;3.75;3.73;3.74
1694;1.959;26.31;3.74;3.75;3.73;3.74
1696;1.962;26.31;3.74;3.75;3.73;3.74
1697;1.957;26.31;3.74;3.75;3.73;3.74
1699;1.959;26.31;3.74;3.75;3.73;3.74
1701;1.957;26.31;3.74;3.75;3.73;3.74
1703;1.962;26.31;3.74;3.75;3.72;3.74
1705;1.959;26.25;3.74;3.75;3.72;3.74
1707;1.957;26.31;3.74;3.74;3.72;3.74
1709;1.96;26.31;3.74;3.74;3.72;3.74
1711;1.959;26.31;3.74;3.74;3.72;3.74
1712;1.96;26.31;3.74;3.74;3.72;3.74
1714;1.96;26.31;3.74;3.74;3.72;3.74
1716;1.959;26.31;3.74;3.74;3.72;3.74
1718;1.957;26.31;3.74;3.74;3.72;3.74
1720;1.959;26.31;3.74;3.74;3.72;3.74
1722;1.957;26.31;3.74;3.74;3.72;3.74
1724;1.957;26.31;3.74;3.74;3.72;3.73
1726;1.955;26.31;3.73;3.74;3.72;3.74
1727;1.959;26.31;3.73;3.74;3.72;3.73
1729;1.957;26.31;3.73;3.74;3.72;3.73
1731;1.955;26.31;3.73;3.74;3.72;3.73
1733;1.957;26.31;3.73;3.74;3.72;3.73
1735;1.959;26.31;3.73;3.74;3.72;3.73
1737;1.957;26.31;3.73;3.74;3.72;3.74
1739;1.955;26.31;3.73;3.74;3.72;3.73
1741;1.955;26.31;3.73;3.74;3.72;3.73
1742;1.957;26.31;3.73;3.74;3.72;3.73
1744;1.955;26.31;3.73;3.74;3.72;3.73
1746;1.955;26.31;3.73;3.74;3.72;3.73
1748;1.953;26.31;3.73;3.74;3.72;3.73
1750;1.957;26.31;3.73;3.74;3.72;3.73
1752;1.955;26.31;3.73;3.74;3.72;3.73
1754;1.955;26.31;3.73;3.74;3.72;3.73
1755;1.955;26.31;3.73;3.74;3.72;3.73
1757;1.955;26.31;3.73;3.74;3.72;3.73
1759;1.952;26.31;3.73;3.74;3.72;3.73
1761;1.953;26.31;3.73;3.74;3.72;3.73
1763;1.953;26.31;3.73;3.74;3.72;3.73
1765;1.955;26.31;3.73;3.74;3.72;3.73
1767;1.953;26.31;3.73;3.74;3.72;3.73
1769;1.952;26.31;3.73;3.73;3.72;3.73
1770;1.953;26.31;3.73;3.73;3.72;3.73
1772;1.953;26.31;3.73;3.73;3.72;3.73
1774;1.95;26.31;3.73;3.73;3.72;3.73
1776;1.952;26.31;3.73;3.73;3.72;3.73
1778;1.953;26.31;3.73;3.73;3.71;3.73
1780;1.952;26.31;3.73;3.73;3.71;3.73
1782;1.953;26.31;3.73;3.73;3.71;3.72
1784;1.953;26.31;3.73;3.73;3.71;3.72
1785;1.952;26.31;3.73;3.73;3.71;3.72
1787;1.952;26.31;3.73;3.73;3.71;3.72
1789;1.953;26.31;3.72;3.73;3.71;3.72
1791;1.953;26.31;3.72;3.73;3.71;3.72
1793;1.95;26.31;3.72;3.73;3.71;3.72
1795;1.953;26.31;3.72;3.73;3.71;3.72
1797;1.952;26.31;3.72;3.73;3.71;3.72
1799;1.95;26.31;3.72;3.73;3.71;3.72
1800;1.955;26.31;3.72;3.73;3.71;3.72
1802;1.952;26.37;3.72;3.73;3.71;3.72
1804;1.952;26.37;3.72;3.73;3.71;3.72
1806;1.952;26.37;3.72;3.73;3.71;3.72
1808;1.952;26.31;3.72;3.73;3.71;3.72
1810;1.953;26.37;3.72;3.73;3.71;3.72
1812;1.95;26.37;3.72;3.73;3.71;3.72
1814;1.957;26.31;3.72;3.73;3.71;3.72
1815;1.95;26.31;3.72;3.73;3.71;3.72
1817;1.95;26.31;3.72;3.73;3.71;3.72
1819;1.955;26.37;3.72;3.73;3.71;3.72
1821;1.953;26.37;3.72;3.73;3.71;3.72
1823;1.952;26.37;3.72;3.73;3.71;3.72
1825;1.952;26.37;3.72;3.72;3.71;3.72
1827;1.95;26.37;3.72;3.72;3.71;3.72
1828;1.948;26.37;3.72;3.72;3.71;3.72
1830;1.95;26.31;3.72;3.72;3.71;3.72
1832;1.95;26.37;3.72;3.72;3.71;3.72
1834;1.952;26.37;3.72;3.72;3.71;3.72
1836;1.948;26.37;3.72;3.72;3.7;3.72
1838;1.948;26.37;3.72;3.72;3.71;3.72
1840;1.95;26.37;3.72;3.72;3.7;3.71
1842;1.946;26.37;3.72;3.72;3.7;3.72
1843;1.948;26.37;3.72;3.72;3.7;3.71
1845;1.948;26.37;3.72;3.72;3.7;3.71
1847;1.946;26.37;3.72;3.72;3.7;3.71
1849;1.946;26.37;3.72;3.72;3.7;3.71
1851;1.948;26.37;3.71;3.72;3.7;3.71
1853;1.944;26.37;3.71;3.72;3.7;3.71
1855;1.944;26.37;3.71;3.72;3.7;3.71
1857;1.948;26.37;3.71;3.72;3.7;3.71
1858;1.948;26.37;3.71;3.72;3.7;3.71
1860;1.946;26.37;3.71;3.72;3.7;3.71
1862;1.943;26.37;3.71;3.72;3.7;3.71
1864;1.943;26.37;3.71;3.72;3.7;3.71
1866;1.946;26.37;3.71;3.72;3.7;3.71
1868;1.944;26.37;3.71;3.72;3.7;3.71
1870;1.944;26.37;3.71;3.72;3.7;3.71
1872;1.946;26.37;3.71;3.72;3.7;3.71
1873;1.948;26.37;3.71;3.72;3.7;3.71
1875;1.95;26.37;3.71;3.72;3.7;3.71
1877;1.944;26.37;3.71;3.72;3.7;3.71
1879;1.948;26.37;3.71;3.72;3.7;3.71
1881;1.946;26.37;3.71;3.72;3.7;3.71
1883;1.943;26.37;3.71;3.71;3.7;3.71
1885;1.941;26.37;3.71;3.72;3.7;3.71
1887;1.948;26.37;3.71;3.71;3.7;3.71
1888;1.948;26.37;3.71;3.71;3.7;3.71
1890;1.944;26.37;3.71;3.71;3.7;3.71
1892;1.943;26.37;3.71;3.71;3.7;3.71
1894;1.943;26.37;3.71;3.71;3.7;3.7
1896;1.943;26.37;3.71;3.71;3.7;3.7
1898;1.944;26.37;3.71;3.71;3.69;3.71
1900;1.943;26.37;3.71;3.71;3.69;3.7
1902;1.941;26.37;3.71;3.71;3.69;3.7
1903;1.944;26.37;3.71;3.71;3.69;3.7
1905;1.943;26.37;3.71;3.71;3.69;3.7
1907;1.944;26.37;3.71;3.71;3.69;3.7
1909;1.941;26.37;3.71;3.71;3.69;3.7
1911;1.944;26.37;3.7;3.71;3.69;3.7
1913;1.944;26.37;3.7;3.71;3.69;3.7
1915;1.941;26.37;3.7;3.71;3.69;3.7
1916;1.939;26.37;3.7;3.71;3.69;3.7
1918;1.943;26.37;3.7;3.71;3.69;3.7
1920;1.943;26.37;3.7;3.71;3.69;3.7
1922;1.941;26.37;3.7;3.71;3.69;3.7
1924;1.941;26.37;3.7;3.71;3.69;3.7
1926;1.939;26.37;3.7;3.71;3.69;3.7
1928;1.939;26.37;3.7;3.71;3.69;3.7
1930;1.939;26.37;3.7;3.71;3.69;3.7
1931;1.937;26.37;3.7;3.71;3.69;3.7
1933;1.941;26.37;3.7;3.71;3.69;3.7
1935;1.937;26.37;3.7;3.71;3.69;3.7
1937;1.939;26.37;3.7;3.71;3.69;3.7
1939;1.939;26.37;3.7;3.7;3.69;3.7
1941;1.939;26.37;3.7;3.7;3.69;3.7
1943;1.943;26.37;3.7;3.7;3.69;3.7
1945;1.939;26.37;3.7;3.7;3.69;3.69
1946;1.939;26.37;3.7;3.7;3.69;3.7
1948;1.941;26.37;3.7;3.7;3.69;3.7
1950;1.937;26.37;3.7;3.7;3.69;3.69
1952;1.935;26.37;3.7;3.7;3.69;3.69
1954;1.939;26.37;3.7;3.7;3.69;3.7
1956;1.939;26.37;3.7;3.7;3.69;3.69
1958;1.939;26.37;3.7;3.7;3.69;3.7
1960;1.937;26.37;3.7;3.7;3.69;3.69
1961;1.941;26.37;3.7;3.7;3.69;3.7
1963;1.941;26.37;3.7;3.7;3.69;3.69
1965;1.939;26.37;3.7;3.7;3.68;3.69
1967;1.939;26.37;3.69;3.7;3.69;3.69
1969;1.935;26.37;3.69;3.7;3.68;3.69
1971;1.935;26.37;3.69;3.7;3.68;3.69
1973;1.937;26.37;3.69;3.7;3.68;3.69
1975;1.939;26.37;3.69;3.7;3.68;3.69
1976;1.939;26.37;3.69;3.7;3.68;3.69
1978;1.937;26.37;3.69;3.7;3.68;3.69
1980;1.932;26.37;3.69;3.7;3.68;3.69
1982;1.935;26.37;3.69;3.7;3.68;3.69
1984;1.937;26.37;3.69;3.7;3.68;3.69
1986;1.935;26.37;3.69;3.7;3.68;3.69
1988;1.937;26.37;3.69;3.7;3.68;3.69
1989;1.934;26.37;3.69;3.7;3.68;3.69
1991;1.937;26.37;3.69;3.7;3.68;3.69
1993;1.934;26.37;3.69;3.7;3.68;3.69
1995;1.935;26.37;3.69;3.7;3.68;3.69
1997;1.935;26.37;3.69;3.69;3.68;3.69
1999;1.937;26.37;3.69;3.69;3.68;3.69
2001;1.934;26.37;3.69;3.69;3.68;3.68
2003;1.934;26.37;3.69;3.69;3.68;3.68
2004;1.932;26.37;3.69;3.69;3.68;3.68
2006;1.935;26.44;3.69;3.69;3.68;3.69
2008;1.932;26.37;3.69;3.69;3.68;3.68
2010;1.932;26.44;3.69;3.69;3.68;3.68
2012;1.935;26.44;3.69;3.69;3.68;3.68
2014;1.93;26.44;3.69;3.69;3.68;3.68
2016;1.934;26.44;3.69;3.69;3.68;3.68
2018;1.934;26.44;3.69;3.69;3.68;3.68
2019;1.932;26.44;3.69;3.69;3.68;3.68
2021;1.932;26.44;3.69;3.69;3.68;3.68
2023;1.932;26.44;3.69;3.69;3.68;3.68
2025;1.932;26.44;3.69;3.69;3.68;3.68
2027;1.93;26.44;3.68;3.69;3.68;3.68
2029;1.928;26.44;3.68;3.69;3.68;3.68
2031;1.935;26.44;3.68;3.69;3.67;3.68
2033;1.934;26.44;3.68;3.69;3.67;3.68
2034;1.934;26.44;3.68;3.69;3.67;3.68
2036;1.928;26.44;3.68;3.69;3.67;3.68
2038;1.934;26.44;3.68;3.69;3.67;3.68
2040;1.93;26.44;3.68;3.69;3.67;3.68
2042;1.93;26.44;3.68;3.69;3.67;3.68
2044;1.928;26.44;3.68;3.69;3.67;3.68
2046;1.928;26.44;3.68;3.69;3.67;3.68
2048;1.928;26.44;3.68;3.69;3.67;3.68
2049;1.93;26.44;3.68;3.69;3.67;3.68
2051;1.93;26.44;3.68;3.68;3.67;3.67
2053;1.925;26.44;3.68;3.68;3.67;3.68
2055;1.928;26.44;3.68;3.68;3.67;3.68
2057;1.93;26.44;3.68;3.68;3.67;3.67
2059;1.928;26.44;3.68;3.68;3.67;3.67
2061;1.926;26.5;3.68;3.68;3.67;3.67
2062;1.926;26.5;3.68;3.68;3.67;3.67
2064;1.925;26.5;3.68;3.68;3.67;3.67
2066;1.928;26.5;3.68;3.68;3.67;3.67
2068;1.928;26.5;3.68;3.68;3.67;3.67
2070;1.928;26.5;3.68;3.68;3.67;3.67
2072;1.926;26.5;3.68;3.68;3.67;3.67
2074;1.926;26.5;3.68;3.68;3.67;3.67
2076;1.928;26.5;3.68;3.68;3.67;3.67
2077;1.926;26.5;3.68;3.68;3.67;3.67
2079;1.928;26.5;3.68;3.68;3.67;3.67
2081;1.93;26.5;3.68;3.68;3.67;3.67
2083;1.925;26.5;3.67;3.68;3.67;3.67
2085;1.926;26.5;3.67;3.68;3.67;3.67
2087;1.926;26.5;3.67;3.68;3.66;3.67
2089;1.926;26.5;3.67;3.68;3.67;3.67
2091;1.928;26.5;3.67;3.68;3.66;3.67
2092;1.925;26.5;3.67;3.68;3.66;3.67
2094;1.923;26.5;3.67;3.68;3.66;3.67
2096;1.926;26.5;3.67;3.68;3.66;3.67
2098;1.928;26.5;3.67;3.68;3.66;3.67
2100;1.926;26.5;3.67;3.68;3.66;3.67
2102;1.925;26.5;3.67;3.68;3.66;3.67
2104;1.925;26.5;3.67;3.68;3.66;3.67
2106;1.921;26.5;3.67;3.68;3.66;3.67
2107;1.925;26.5;3.67;3.67;3.66;3.67
2109;1.925;26.5;3.67;3.67;3.66;3.67
2111;1.925;26.5;3.67;3.67;3.66;3.67
2113;1.925;26.5;3.67;3.67;3.66;3.67
2115;1.925;26.5;3.67;3.67;3.66;3.67
2117;1.923;26.5;3.67;3.67;3.66;3.67
2119;1.923;26.5;3.67;3.67;3.66;3.66
2121;1.925;26.5;3.67;3.67;3.66;3.66
2122;1.923;26.5;3.67;3.67;3.66;3.66
2124;1.921;26.5;3.67;3.67;3.66;3.66
2126;1.919;26.5;3.67;3.67;3.66;3.66
2128;1.919;26.5;3.67;3.67;3.66;3.66
2130;1.919;26.5;3.67;3.67;3.66;3.66
2132;1.923;26.5;3.67;3.67;3.66;3.66
2134;1.919;26.5;3.67;3.67;3.66;3.66
2136;1.919;26.5;3.67;3.67;3.66;3.66
2137;1.919;26.5;3.67;3.67;3.65;3.66
2139;1.919;26.5;3.66;3.67;3.65;3.66
2141;1.921;26.5;3.66;3.67;3.65;3.66
2143;1.921;26.5;3.66;3.67;3.65;3.66
2145;1.919;26.5;3.66;3.67;3.65;3.66
2147;1.923;26.5;3.66;3.67;3.65;3.66
2149;1.919;26.5;3.66;3.67;3.65;3.66
2150;1.921;26.5;3.66;3.67;3.65;3.66
2152;1.923;26.5;3.66;3.67;3.65;3.66
2154;1.918;26.5;3.66;3.67;3.65;3.66
2156;1.916;26.56;3.66;3.67;3.65;3.66
2158;1.918;26.5;3.66;3.67;3.65;3.66
2160;1.921;26.5;3.66;3.67;3.65;3.66
2162;1.918;26.5;3.66;3.66;3.65;3.66
2164;1.918;26.56;3.66;3.66;3.65;3.66
2165;1.916;26.5;3.66;3.66;3.65;3.66
2167;1.914;26.5;3.66;3.66;3.65;3.66
2169;1.919;26.5;3.66;3.66;3.65;3.66
2171;1.919;26.56;3.66;3.66;3.65;3.66
2173;1.914;26.56;3.66;3.66;3.65;3.66
2175;1.918;26.56;3.66;3.66;3.65;3.65
2177;1.916;26.56;3.66;3.66;3.65;3.65
2179;1.916;26.56;3.66;3.66;3.65;3.65
2180;1.918;26.56;3.66;3.66;3.65;3.65
2182;1.918;26.56;3.66;3.66;3.65;3.65
2184;1.918;26.56;3.66;3.66;3.65;3.65
2186;1.914;26.56;3.66;3.66;3.65;3.65
2188;1.916;26.56;3.66;3.66;3.65;3.65
2190;1.914;26.56;3.66;3.66;3.65;3.65
2192;1.914;26.56;3.66;3.66;3.65;3.65
2194;1.916;26.56;3.66;3.66;3.64;3.65
2195;1.916;26.56;3.65;3.66;3.64;3.65
2197;1.914;26.56;3.65;3.66;3.64;3.65
2199;1.916;26.56;3.65;3.66;3.64;3.65
2201;1.916;26.56;3.65;3.66;3.64;3.65
2203;1.916;26.56;3.65;3.66;3.64;3.65
2205;1.918;26.56;3.65;3.66;3.64;3.65
2207;1.91;26.56;3.65;3.66;3.64;3.65
2209;1.91;26.56;3.65;3.66;3.64;3.65
2210;1.914;26.56;3.65;3.66;3.64;3.65
2212;1.91;26.56;3.65;3.66;3.64;3.65
2214;1.914;26.56;3.65;3.65;3.64;3.65
2216;1.914;26.56;3.65;3.65;3.64;3.65
2218;1.918;26.56;3.65;3.65;3.64;3.65
2220;1.912;26.56;3.65;3.65;3.64;3.65
2222;1.912;26.56;3.65;3.65;3.64;3.65
2223;1.912;26.56;3.65;3.65;3.64;3.65
2225;1.914;26.56;3.65;3.65;3.64;3.64
2227;1.91;26.62;3.65;3.65;3.64;3.65
2229;1.91;26.56;3.65;3.65;3.64;3.64
2231;1.912;26.62;3.65;3.65;3.64;3.64
2233;1.914;26.56;3.65;3.65;3.64;3.64
2235;1.909;26.62;3.65;3.65;3.64;3.64
2237;1.91;26.62;3.65;3.65;3.64;3.64
2238;1.91;26.62;3.65;3.65;3.64;3.64
2240;1.91;26.62;3.65;3.65;3.64;3.64
2242;1.914;26.62;3.65;3.65;3.64;3.64
2244;1.912;26.62;3.65;3.65;3.64;3.64
2246;1.909;26.62;3.65;3.65;3.64;3.64
2248;1.912;26.62;3.64;3.65;3.64;3.64
2250;1.91;26.62;3.64;3.65;3.64;3.64
2252;1.912;26.62;3.64;3.65;3.64;3.64
2253;1.907;26.62;3.64;3.65;3.63;3.64
2255;1.912;26.62;3.64;3.65;3.63;3.64
2257;1.909;26.62;3.64;3.65;3.63;3.64
2259;1.909;26.62;3.64;3.65;3.63;3.64
2261;1.905;26.62;3.64;3.65;3.63;3.64
2263;1.909;26.62;3.64;3.65;3.63;3.64
2265;1.909;26.62;3.64;3.65;3.63;3.64
2267;1.909;26.62;3.64;3.64;3.63;3.64
2268;1.907;26.62;3.64;3.64;3.63;3.64
2270;1.909;26.62;3.64;3.64;3.63;3.64
2272;1.91;26.62;3.64;3.64;3.63;3.64
2274;1.91;26.62;3.64;3.64;3.63;3.64
2276;1.907;26.62;3.64;3.64;3.63;3.63
2278;1.905;26.62;3.64;3.64;3.63;3.64
2280;1.909;26.62;3.64;3.64;3.63;3.64
2282;1.903;26.62;3.64;3.64;3.63;3.63
2283;1.907;26.62;3.64;3.64;3.63;3.63
2285;1.909;26.62;3.64;3.64;3.63;3.63
2287;1.907;26.62;3.64;3.64;3.63;3.63
2289;1.905;26.62;3.64;3.64;3.63;3.63
2291;1.905;26.62;3.64;3.64;3.63;3.63
2293;1.905;26.62;3.64;3.64;3.63;3.63
2295;1.903;26.62;3.64;3.64;3.63;3.63
2296;1.909;26.62;3.64;3.64;3.63;3.63
2298;1.903;26.62;3.64;3.64;3.63;3.63
2300;1.901;26.62;3.64;3.64;3.63;3.63
2302;1.907;26.62;3.64;3.64;3.63;3.63
2304;1.905;26.62;3.63;3.64;3.63;3.63
2306;1.905;26.62;3.63;3.64;3.63;3.63
2308;1.905;26.62;3.63;3.64;3.63;3.63
2310;1.903;26.62;3.63;3.64;3.63;3.63
2311;1.901;26.62;3.63;3.64;3.62;3.63
2313;1.9;26.62;3.63;3.64;3.62;3.63
2315;1.903;26.62;3.63;3.63;3.62;3.63
2317;1.905;26.62;3.63;3.63;3.62;3.63
2319;1.903;26.62;3.63;3.63;3.62;3.63
2321;1.905;26.62;3.63;3.63;3.62;3.62
2323;1.901;26.62;3.63;3.63;3.62;3.62
2325;1.903;26.62;3.63;3.63;3.62;3.62
2326;1.901;26.62;3.63;3.63;3.62;3.62
2328;1.901;26.62;3.63;3.63;3.62;3.62
2330;1.901;26.62;3.63;3.63;3.62;3.62
2332;1.901;26.62;3.63;3.63;3.62;3.62
2334;1.901;26.62;3.63;3.63;3.62;3.62
2336;1.9;26.62;3.63;3.63;3.62;3.62
2338;1.9;26.62;3.63;3.63;3.62;3.63
2340;1.898;26.62;3.63;3.63;3.62;3.63
2341;1.901;26.62;3.63;3.63;3.62;3.63
2343;1.898;26.62;3.63;3.63;3.62;3.62
2345;1.903;26.62;3.63;3.63;3.62;3.62
2347;1.9;26.62;3.63;3.63;3.62;3.62
2349;1.901;26.62;3.63;3.63;3.62;3.62
2351;1.898;26.62;3.63;3.63;3.62;3.62
2353;1.9;26.62;3.63;3.63;3.62;3.62
2355;1.903;26.62;3.63;3.63;3.62;3.62
2356;1.896;26.62;3.62;3.63;3.62;3.62
2358;1.898;26.62;3.62;3.63;3.62;3.62
2360;1.898;26.62;3.62;3.63;3.62;3.62
2362;1.898;26.56;3.62;3.63;3.61;3.62
2364;1.9;26.62;3.62;3.63;3.61;3.62
2366;1.901;26.56;3.62;3.63;3.61;3.62
2368;1.898;26.62;3.62;3.63;3.61;3.62
2370;1.898;26.62;3.62;3.63;3.61;3.62
2371;1.898;26.56;3.62;3.62;3.61;3.62
2373;1.896;26.62;3.62;3.62;3.61;3.62
2375;1.9;26.56;3.62;3.62;3.61;3.62
2377;1.894;26.56;3.62;3.62;3.61;3.62
2379;1.898;26.56;3.62;3.62;3.61;3.62
2381;1.896;26.56;3.62;3.62;3.61;3.62
2383;1.894;26.56;3.62;3.62;3.61;3.61
2384;1.898;26.56;3.62;3.62;3.61;3.62
2386;1.896;26.56;3.62;3.62;3.61;3.61
2388;1.898;26.56;3.62;3.62;3.61;3.61
2390;1.896;26.56;3.62;3.62;3.61;3.61
2392;1.898;26.56;3.62;3.62;3.61;3.61
2394;1.892;26.56;3.62;3.62;3.61;3.61
2396;1.898;26.56;3.62;3.62;3.61;3.61
2398;1.891;26.56;3.62;3.62;3.61;3.61
2399;1.898;26.56;3.62;3.62;3.61;3.61
2401;1.898;26.56;3.62;3.62;3.61;3.61
2403;1.896;26.56;3.62;3.62;3.61;3.61
2405;1.894;26.56;3.62;3.62;3.61;3.61
2407;1.896;26.56;3.62;3.62;3.61;3.61
2409;1.896;26.56;3.61;3.62;3.61;3.61
2411;1.896;26.56;3.61;3.62;3.61;3.61
2413;1.892;26.56;3.61;3.62;3.61;3.61
2414;1.892;26.56;3.61;3.62;3.61;3.61
2416;1.898;26.56;3.61;3.62;3.6;3.61
2418;1.892;26.56;3.61;3.62;3.6;3.61
2420;1.894;26.56;3.61;3.62;3.6;3.61
2422;1.898;26.56;3.61;3.62;3.6;3.61
2424;1.894;26.56;3.61;3.61;3.6;3.61
2426;1.896;26.56;3.61;3.61;3.6;3.61
2428;1.894;26.56;3.61;3.61;3.6;3.61
2429;1.892;26.56;3.61;3.61;3.6;3.6
2431;1.894;26.56;3.61;3.61;3.6;3.61
2433;1.891;26.56;3.61;3.61;3.6;3.61
2435;1.891;26.56;3.61;3.61;3.6;3.61
2437;1.891;26.56;3.61;3.61;3.6;3.61
2439;1.892;26.56;3.61;3.61;3.6;3.61
2441;1.891;26.56;3.61;3.61;3.6;3.6
2443;1.891;26.56;3.61;3.61;3.6;3.61
2444;1.891;26.56;3.61;3.61;3.6;3.6
2446;1.892;26.56;3.61;3.61;3.6;3.61
2448;1.889;26.56;3.61;3.61;3.6;3.6
2450;1.892;26.56;3.61;3.61;3.6;3.6
2452;1.889;26.56;3.61;3.61;3.6;3.6
2454;1.887;26.56;3.61;3.61;3.6;3.6
2456;1.889;26.56;3.61;3.61;3.6;3.6
2457;1.891;26.56;3.61;3.61;3.6;3.6
2459;1.889;26.56;3.61;3.61;3.6;3.6
2461;1.889;26.56;3.6;3.61;3.6;3.6
2463;1.887;26.56;3.6;3.61;3.6;3.6
2465;1.889;26.56;3.6;3.61;3.6;3.6
2467;1.889;26.56;3.6;3.61;3.6;3.6
2469;1.892;26.56;3.6;3.61;3.6;3.6
2471;1.885;26.56;3.6;3.61;3.6;3.6
2472;1.887;26.56;3.6;3.61;3.59;3.6
2474;1.889;26.56;3.6;3.61;3.6;3.6
2476;1.889;26.56;3.6;3.61;3.59;3.6
2478;1.887;26.56;3.6;3.6;3.59;3.6
2480;1.887;26.56;3.6;3.6;3.59;3.6
2482;1.884;26.56;3.6;3.6;3.59;3.6
2484;1.889;26.56;3.6;3.6;3.59;3.6
2486;1.885;26.56;3.6;3.6;3.59;3.59
2487;1.889;26.56;3.6;3.6;3.59;3.59
2489;1.891;26.56;3.6;3.6;3.59;3.59
2491;1.889;26.56;3.6;3.6;3.59;3.59
2493;1.887;26.56;3.6;3.6;3.59;3.59
2495;1.884;26.56;3.6;3.6;3.59;3.59
2497;1.885;26.56;3.6;3.6;3.59;3.59
2499;1.889;26.56;3.6;3.6;3.59;3.59
2501;1.885;26.56;3.6;3.6;3.59;3.59
2502;1.887;26.56;3.6;3.6;3.59;3.59
2504;1.887;26.56;3.6;3.6;3.59;3.59
2506;1.887;26.5;3.6;3.6;3.59;3.59
2508;1.885;26.56;3.6;3.6;3.59;3.59
2510;1.885;26.56;3.6;3.6;3.59;3.59
2512;1.885;26.56;3.6;3.6;3.59;3.59
2514;1.887;26.56;3.59;3.6;3.59;3.59
2516;1.884;26.56;3.59;3.6;3.59;3.59
2517;1.885;26.56;3.59;3.6;3.59;3.59
2519;1.887;26.56;3.59;3.6;3.59;3.59
2521;1.88;26.56;3.59;3.6;3.59;3.59
2523;1.885;26.56;3.59;3.6;3.59;3.59
2525;1.884;26.56;3.59;3.6;3.58;3.59
2527;1.88;26.56;3.59;3.6;3.58;3.59
2529;1.884;26.56;3.59;3.6;3.58;3.59
2530;1.884;26.56;3.59;3.6;3.58;3.59
2532;1.884;26.56;3.59;3.59;3.58;3.58
2534;1.884;26.56;3.59;3.59;3.58;3.58
2536;1.885;26.56;3.59;3.59;3.58;3.58
2538;1.882;26.56;3.59;3.59;3.58;3.59
2540;1.882;26.56;3.59;3.59;3.58;3.58
2542;1.884;26.56;3.59;3.59;3.58;3.58
2544;1.882;26.56;3.59;3.59;3.58;3.59
2545;1.882;26.56;3.59;3.59;3.58;3.58
2547;1.88;26.56;3.59;3.59;3.58;3.58
2549;1.882;26.56;3.59;3.59;3.58;3.58
2551;1.882;26.56;3.59;3.59;3.58;3.59
2553;1.876;26.56;3.59;3.59;3.58;3.58
2555;1.882;26.56;3.59;3.59;3.58;3.58
2557;1.876;26.56;3.59;3.59;3.58;3.59
2559;1.88;26.56;3.59;3.59;3.58;3.58
2560;1.882;26.56;3.59;3.59;3.58;3.58
2562;1.88;26.56;3.59;3.59;3.58;3.58
2564;1.882;26.56;3.59;3.59;3.58;3.58
2566;1.882;26.56;3.58;3.59;3.58;3.58
2568;1.878;26.56;3.58;3.59;3.58;3.58
2570;1.88;26.56;3.58;3.59;3.58;3.58
2572;1.882;26.56;3.58;3.59;3.58;3.58
2574;1.878;26.56;3.58;3.59;3.57;3.58
2575;1.882;26.56;3.58;3.59;3.57;3.58
2577;1.88;26.56;3.58;3.59;3.57;3.58
2579;1.882;26.56;3.58;3.59;3.57;3.58
2581;1.88;26.5;3.58;3.59;3.57;3.58
2583;1.878;26.56;3.58;3.59;3.57;3.58
2585;1.88;26.56;3.58;3.59;3.57;3.58
2587;1.878;26.56;3.58;3.59;3.57;3.57
2589;1.876;26.5;3.58;3.58;3.57;3.57
2590;1.875;26.5;3.58;3.58;3.57;3.58
2592;1.88;26.5;3.58;3.58;3.57;3.57
2594;1.875;26.5;3.58;3.58;3.57;3.58
2596;1.88;26.5;3.58;3.58;3.57;3.57
2598;1.876;26.5;3.58;3.58;3.57;3.57
2600;1.876;26.5;3.58;3.58;3.57;3.57
2602;1.88;26.5;3.58;3.58;3.57;3.58
2604;1.878;26.5;3.58;3.58;3.57;3.57
2605;1.875;26.5;3.58;3.58;3.57;3.57
2607;1.871;26.5;3.58;3.58;3.57;3.57
2609;1.88;26.5;3.58;3.58;3.57;3.57
2611;1.875;26.56;3.58;3.58;3.57;3.57
2613;1.875;26.5;3.58;3.58;3.57;3.57
2615;1.875;26.5;3.58;3.58;3.57;3.57
2617;1.876;26.5;3.58;3.58;3.57;3.57
2618;1.876;26.5;3.58;3.58;3.57;3.57
2620;1.876;26.5;3.58;3.58;3.57;3.57
2622;1.873;26.5;3.57;3.58;3.57;3.57
2624;1.875;26.5;3.57;3.58;3.57;3.57
2626;1.875;26.5;3.57;3.58;3.57;3.57
2628;1.873;26.5;3.57;3.58;3.57;3.57
2630;1.876;26.5;3.57;3.58;3.56;3.57
2632;1.873;26.5;3.57;3.58;3.56;3.57
2633;1.875;26.56;3.57;3.58;3.56;3.57
2635;1.876;26.5;3.57;3.58;3.56;3.57
2637;1.876;26.5;3.57;3.58;3.56;3.57
2639;1.875;26.5;3.57;3.58;3.56;3.57
2641;1.875;26.5;3.57;3.58;3.56;3.57
2643;1.873;26.5;3.57;3.58;3.56;3.57
2645;1.878;26.5;3.57;3.58;3.56;3.57
2647;1.875;26.5;3.57;3.58;3.56;3.57
2648;1.873;26.5;3.57;3.57;3.56;3.57
2650;1.871;26.5;3.57;3.58;3.56;3.57
2652;1.875;26.5;3.57;3.57;3.56;3.57
2654;1.873;26.5;3.57;3.57;3.56;3.57
2656;1.873;26.5;3.57;3.57;3.56;3.56
2658;1.871;26.5;3.57;3.57;3.56;3.57
2660;1.875;26.5;3.57;3.57;3.56;3.56
2662;1.871;26.5;3.57;3.57;3.56;3.56
2663;1.876;26.5;3.57;3.57;3.56;3.56
2665;1.873;26.5;3.57;3.57;3.56;3.56
2667;1.871;26.5;3.57;3.57;3.56;3.56
2669;1.869;26.5;3.57;3.57;3.56;3.56
2671;1.871;26.5;3.57;3.57;3.56;3.56
2673;1.871;26.5;3.57;3.57;3.56;3.56
2675;1.871;26.5;3.57;3.57;3.56;3.56
2677;1.871;26.5;3.57;3.57;3.56;3.56
2678;1.869;26.5;3.56;3.57;3.56;3.56
2680;1.867;26.5;3.56;3.57;3.56;3.56
2682;1.869;26.5;3.56;3.57;3.56;3.56
2684;1.869;26.5;3.56;3.57;3.56;3.56
2686;1.873;26.5;3.56;3.57;3.56;3.56
2688;1.873;26.5;3.56;3.57;3.55;3.56
2690;1.873;26.5;3.56;3.57;3.55;3.56
2691;1.869;26.5;3.56;3.57;3.55;3.56
2693;1.867;26.5;3.56;3.57;3.55;3.56
2695;1.867;26.5;3.56;3.57;3.55;3.56
2697;1.867;26.5;3.56;3.57;3.55;3.56
2699;1.869;26.5;3.56;3.57;3.55;3.56
2701;1.869;26.5;3.56;3.57;3.55;3.56
2703;1.869;26.5;3.56;3.57;3.55;3.56
2705;1.869;26.5;3.56;3.57;3.55;3.56
2706;1.869;26.5;3.56;3.57;3.55;3.56
2708;1.871;26.44;3.56;3.57;3.55;3.56
2710;1.867;26.5;3.56;3.56;3.55;3.55
2712;1.867;26.5;3.56;3.56;3.55;3.55
2714;1.869;26.5;3.56;3.56;3.55;3.55
2716;1.866;26.5;3.56;3.56;3.55;3.55
2718;1.867;26.5;3.56;3.56;3.55;3.55
2720;1.873;26.5;3.56;3.56;3.55;3.56
2721;1.869;26.5;3.56;3.56;3.55;3.55
2723;1.867;26.5;3.56;3.56;3.55;3.55
2725;1.867;26.5;3.56;3.56;3.55;3.55
2727;1.869;26.5;3.56;3.56;3.55;3.55
2729;1.866;26.5;3.56;3.56;3.55;3.55
2731;1.867;26.5;3.56;3.56;3.55;3.55
2733;1.867;26.5;3.56;3.56;3.55;3.55
2735;1.867;26.5;3.56;3.56;3.55;3.55
2736;1.866;26.5;3.55;3.56;3.55;3.55
2738;1.866;26.5;3.55;3.56;3.55;3.55
2740;1.866;26.5;3.55;3.56;3.55;3.55
2742;1.869;26.5;3.55;3.56;3.54;3.55
2744;1.867;26.5;3.55;3.56;3.55;3.55
2746;1.866;26.5;3.55;3.56;3.54;3.55
2748;1.866;26.5;3.55;3.56;3.54;3.55
2750;1.864;26.5;3.55;3.56;3.54;3.55
2751;1.866;26.5;3.55;3.56;3.54;3.55
2753;1.866;26.5;3.55;3.56;3.54;3.55
2755;1.867;26.5;3.55;3.56;3.54;3.55
2757;1.862;26.5;3.55;3.56;3.54;3.55
2759;1.862;26.5;3.55;3.56;3.54;3.55
2761;1.866;26.5;3.55;3.56;3.54;3.55
2763;1.862;26.5;3.55;3.56;3.54;3.55
2764;1.864;26.5;3.55;3.56;3.54;3.55
2766;1.864;26.5;3.55;3.56;3.54;3.55
2768;1.864;26.5;3.55;3.56;3.54;3.55
2770;1.866;26.5;3.55;3.56;3.54;3.55
2772;1.864;26.5;3.55;3.56;3.54;3.55
2774;1.866;26.5;3.55;3.55;3.54;3.55
2776;1.864;26.5;3.55;3.55;3.54;3.55
2778;1.864;26.5;3.55;3.55;3.54;3.54
2779;1.867;26.5;3.55;3.55;3.54;3.54
2781;1.864;26.5;3.55;3.55;3.54;3.54
2783;1.864;26.5;3.55;3.55;3.54;3.54
2785;1.864;26.5;3.55;3.55;3.54;3.54
2787;1.862;26.5;3.55;3.55;3.54;3.54
2789;1.86;26.5;3.55;3.55;3.54;3.54
2791;1.862;26.5;3.55;3.55;3.54;3.54
2793;1.864;26.5;3.55;3.55;3.54;3.54
2794;1.864;26.5;3.55;3.55;3.54;3.54
2796;1.862;26.5;3.55;3.55;3.54;3.54
2798;1.862;26.5;3.54;3.55;3.54;3.54
2800;1.86;26.5;3.54;3.55;3.54;3.54
2802;1.86;26.5;3.54;3.55;3.53;3.54
2804;1.859;26.5;3.54;3.55;3.53;3.54
2806;1.86;26.5;3.54;3.55;3.53;3.54
2808;1.862;26.5;3.54;3.55;3.53;3.54
2809;1.864;26.5;3.54;3.55;3.53;3.54
2811;1.864;26.5;3.54;3.55;3.53;3.54
2813;1.864;26.5;3.54;3.55;3.53;3.54
2815;1.859;26.5;3.54;3.55;3.53;3.54
2817;1.86;26.5;3.54;3.55;3.53;3.54
2819;1.859;26.5;3.54;3.55;3.53;3.54
2821;1.859;26.5;3.54;3.55;3.53;3.54
2823;1.862;26.5;3.54;3.55;3.53;3.54
2824;1.859;26.5;3.54;3.55;3.53;3.54
2826;1.859;26.5;3.54;3.55;3.53;3.54
2828;1.859;26.44;3.54;3.55;3.53;3.54
2830;1.86;26.44;3.54;3.55;3.53;3.54
2832;1.862;26.5;3.54;3.55;3.53;3.54
2834;1.862;26.44;3.54;3.55;3.53;3.54
2836;1.857;26.44;3.54;3.55;3.53;3.54
2838;1.86;26.44;3.54;3.55;3.53;3.54
2839;1.859;26.44;3.54;3.54;3.53;3.54
2841;1.859;26.44;3.54;3.54;3.53;3.54
2843;1.859;26.44;3.54;3.54;3.53;3.54
2845;1.855;26.44;3.54;3.54;3.53;3.54
2847;1.859;26.44;3.54;3.54;3.53;3.53
2849;1.859;26.44;3.54;3.54;3.53;3.54
2851;1.86;26.44;3.54;3.54;3.53;3.53
2852;1.857;26.44;3.54;3.54;3.53;3.53
2854;1.86;26.44;3.54;3.54;3.53;3.53
2856;1.857;26.44;3.54;3.54;3.53;3.53
2858;1.857;26.44;3.54;3.54;3.53;3.53
2860;1.855;26.44;3.53;3.54;3.52;3.53
2862;1.853;26.44;3.53;3.54;3.53;3.53
2864;1.857;26.44;3.53;3.54;3.52;3.53
2866;1.857;26.44;3.53;3.54;3.53;3.53
2867;1.857;26.44;3.53;3.54;3.52;3.53
2869;1.855;26.44;3.53;3.54;3.52;3.53
2871;1.853;26.44;3.53;3.54;3.52;3.53
2873;1.857;26.44;3.53;3.54;3.52;3.53
2875;1.855;26.44;3.53;3.54;3.52;3.53
2877;1.857;26.44;3.53;3.54;3.52;3.53
2879;1.855;26.44;3.53;3.54;3.52;3.53
2881;1.855;26.44;3.53;3.54;3.52;3.53
2882;1.857;26.44;3.53;3.54;3.52;3.53
2884;1.853;26.44;3.53;3.54;3.52;3.53
2886;1.853;26.44;3.53;3.54;3.52;3.53
2888;1.857;26.44;3.53;3.54;3.52;3.53
2890;1.855;26.44;3.53;3.54;3.52;3.53
2892;1.857;26.44;3.53;3.54;3.52;3.53
2894;1.855;26.44;3.53;3.54;3.52;3.53
2896;1.853;26.44;3.53;3.54;3.52;3.53
2897;1.855;26.44;3.53;3.54;3.52;3.53
2899;1.851;26.44;3.53;3.54;3.52;3.53
2901;1.855;26.44;3.53;3.54;3.52;3.53
2903;1.853;26.44;3.53;3.54;3.52;3.53
2905;1.855;26.44;3.53;3.53;3.52;3.53
2907;1.853;26.44;3.53;3.53;3.52;3.53
2909;1.853;26.44;3.53;3.53;3.52;3.53
2911;1.855;26.44;3.53;3.53;3.52;3.53
2912;1.853;26.44;3.53;3.53;3.52;3.52
2914;1.855;26.44;3.53;3.53;3.52;3.52
2916;1.855;26.44;3.53;3.53;3.52;3.52
2918;1.853;26.44;3.53;3.53;3.52;3.52
2920;1.853;26.44;3.53;3.53;3.52;3.52
2922;1.851;26.44;3.53;3.53;3.52;3.52
2924;1.85;26.44;3.52;3.53;3.52;3.52
2925;1.851;26.44;3.52;3.53;3.52;3.52
2927;1.853;26.44;3.52;3.53;3.52;3.52
2929;1.851;26.44;3.52;3.53;3.52;3.52
2931;1.851;26.44;3.52;3.53;3.51;3.52
2933;1.851;26.5;3.52;3.53;3.51;3.52
2935;1.85;26.44;3.52;3.53;3.51;3.52
2937;1.853;26.44;3.52;3.53;3.51;3.52
2939;1.851;26.44;3.52;3.53;3.51;3.52
2940;1.853;26.44;3.52;3.53;3.51;3.52
2942;1.848;26.44;3.52;3.53;3.51;3.52
2944;1.848;26.44;3.52;3.53;3.51;3.52
2946;1.85;26.44;3.52;3.53;3.51;3.52
2948;1.851;26.44;3.52;3.53;3.51;3.52
2950;1.851;26.44;3.52;3.53;3.51;3.52
2952;1.853;26.44;3.52;3.53;3.51;3.52
2954;1.853;26.44;3.52;3.53;3.51;3.52
2955;1.851;26.44;3.52;3.53;3.51;3.52
2957;1.851;26.44;3.52;3.53;3.51;3.52
2959;1.846;26.44;3.52;3.53;3.51;3.52
2961;1.85;26.44;3.52;3.53;3.51;3.52
2963;1.855;26.44;3.52;3.53;3.51;3.52
2965;1.848;26.44;3.52;3.53;3.51;3.52
2967;1.85;26.44;3.52;3.53;3.51;3.52
2969;1.85;26.44;3.52;3.53;3.51;3.52
2970;1.85;26.44;3.52;3.53;3.51;3.52
2972;1.85;26.44;3.52;3.52;3.51;3.52
2974;1.846;26.44;3.52;3.52;3.51;3.52
2976;1.85;26.44;3.52;3.52;3.51;3.52
2978;1.851;26.44;3.52;3.52;3.51;3.51
2980;1.85;26.44;3.52;3.52;3.51;3.51
2982;1.848;26.44;3.52;3.52;3.51;3.51
2984;1.846;26.44;3.52;3.52;3.51;3.51
2985;1.85;26.44;3.52;3.52;3.51;3.51
2987;1.848;26.44;3.52;3.52;3.51;3.51
2989;1.85;26.44;3.51;3.52;3.51;3.51
2991;1.848;26.44;3.51;3.52;3.51;3.51
2993;1.846;26.44;3.51;3.52;3.51;3.51
2995;1.85;26.44;3.51;3.52;3.51;3.51
2997;1.848;26.44;3.51;3.52;3.5;3.51
2998;1.844;26.44;3.51;3.52;3.5;3.51
3000;1.844;26.44;3.51;3.52;3.5;3.51
3002;1.851;26.44;3.51;3.52;3.5;3.51
3004;1.85;26.44;3.51;3.52;3.5;3.51
3006;1.848;26.44;3.51;3.52;3.5;3.51
3008;1.848;26.44;3.51;3.52;3.5;3.51
3010;1.844;26.44;3.51;3.52;3.5;3.51
3012;1.846;26.44;3.51;3.52;3.5;3.51
3013;1.848;26.44;3.51;3.52;3.5;3.51
3015;1.846;26.44;3.51;3.52;3.5;3.51
3017;1.846;26.44;3.51;3.52;3.5;3.51
3019;1.846;26.44;3.51;3.52;3.5;3.51
3021;1.85;26.44;3.51;3.52;3.5;3.51
3023;1.844;26.44;3.51;3.52;3.5;3.51
3025;1.844;26.44;3.51;3.52;3.5;3.51
3027;1.846;26.44;3.51;3.52;3.5;3.51
3028;1.848;26.44;3.51;3.52;3.5;3.51
3030;1.846;26.44;3.51;3.52;3.5;3.51
3032;1.846;26.44;3.51;3.52;3.5;3.51
3034;1.841;26.5;3.51;3.52;3.5;3.51
3036;1.842;26.44;3.51;3.51;3.5;3.51
3038;1.844;26.44;3.51;3.51;3.5;3.51
3040;1.842;26.44;3.51;3.51;3.5;3.51
3042;1.842;26.5;3.51;3.51;3.5;3.51
3043;1.846;26.5;3.51;3.51;3.5;3.51
3045;1.844;26.5;3.51;3.51;3.5;3.51
3047;1.842;26.5;3.51;3.51;3.5;3.5
3049;1.842;26.5;3.51;3.51;3.5;3.5
3051;1.844;26.5;3.51;3.51;3.5;3.5
3053;1.846;26.5;3.51;3.51;3.5;3.5
3055;1.844;26.5;3.51;3.51;3.5;3.5
3057;1.846;26.5;3.5;3.51;3.5;3.5
3058;1.841;26.5;3.5;3.51;3.5;3.5
3060;1.842;26.5;3.5;3.51;3.49;3.5
3062;1.842;26.5;3.5;3.51;3.49;3.5
3064;1.842;26.5;3.5;3.51;3.49;3.5
3066;1.841;26.5;3.5;3.51;3.49;3.5
3068;1.841;26.5;3.5;3.51;3.49;3.5
3070;1.841;26.5;3.5;3.51;3.49;3.5
3072;1.841;26.5;3.5;3.51;3.49;3.5
3073;1.842;26.5;3.5;3.51;3.49;3.5
3075;1.844;26.5;3.5;3.51;3.49;3.5
3077;1.844;26.5;3.5;3.51;3.49;3.5
3079;1.841;26.5;3.5;3.51;3.49;3.5
3081;1.846;26.5;3.5;3.51;3.49;3.5
3083;1.835;26.5;3.5;3.51;3.49;3.5
3085;1.841;26.5;3.5;3.51;3.49;3.5
3086;1.842;26.5;3.5;3.51;3.49;3.5
3088;1.844;26.5;3.5;3.51;3.49;3.5
3090;1.841;26.5;3.5;3.51;3.49;3.5
3092;1.841;26.5;3.5;3.51;3.49;3.5
3094;1.839;26.5;3.5;3.51;3.49;3.5
3096;1.842;26.5;3.5;3.51;3.49;3.5
3098;1.839;26.5;3.5;3.51;3.49;3.5
3100;1.841;26.5;3.5;3.51;3.49;3.5
3101;1.839;26.5;3.5;3.51;3.49;3.5
3103;1.844;26.5;3.5;3.51;3.49;3.5
3105;1.837;26.5;3.5;3.5;3.49;3.49
3107;1.842;26.5;3.5;3.5;3.49;3.49
3109;1.842;26.5;3.5;3.5;3.49;3.5
3111;1.841;26.5;3.5;3.5;3.49;3.5
3113;1.835;26.5;3.5;3.5;3.49;3.49
3115;1.835;26.5;3.5;3.5;3.49;3.49
3116;1.841;26.5;3.5;3.5;3.49;3.49
3118;1.844;26.5;3.5;3.5;3.49;3.49
3120;1.839;26.5;3.5;3.5;3.49;3.49
3122;1.837;26.5;3.49;3.5;3.49;3.49
3124;1.841;26.5;3.49;3.5;3.49;3.49
3126;1.839;26.56;3.49;3.5;3.49;3.49
3128;1.841;26.56;3.49;3.5;3.49;3.49
3130;1.835;26.56;3.49;3.5;3.49;3.49
3131;1.839;26.56;3.49;3.5;3.49;3.49
3133;1.837;26.56;3.49;3.5;3.49;3.49
3135;1.839;26.56;3.49;3.5;3.48;3.49
3137;1.837;26.56;3.49;3.5;3.48;3.49
3139;1.839;26.56;3.49;3.5;3.48;3.49
3141;1.839;26.56;3.49;3.5;3.48;3.49
3143;1.841;26.56;3.49;3.5;3.48;3.49
3145;1.837;26.56;3.49;3.5;3.48;3.49
3146;1.837;26.56;3.49;3.5;3.48;3.49
3148;1.835;26.56;3.49;3.5;3.48;3.49
3150;1.839;26.56;3.49;3.5;3.48;3.49
3152;1.839;26.56;3.49;3.5;3.48;3.49
3154;1.835;26.56;3.49;3.5;3.48;3.49
3156;1.837;26.56;3.49;3.5;3.48;3.49
3158;1.835;26.56;3.49;3.5;3.48;3.49
3159;1.833;26.56;3.49;3.5;3.48;3.49
3161;1.837;26.56;3.49;3.5;3.48;3.49
3163;1.837;26.56;3.49;3.5;3.48;3.49
3165;1.835;26.56;3.49;3.5;3.48;3.49
3167;1.839;26.56;3.49;3.5;3.48;3.49
3169;1.837;26.56;3.49;3.49;3.48;3.49
3171;1.835;26.56;3.49;3.49;3.48;3.49
3173;1.835;26.56;3.49;3.49;3.48;3.48
3174;1.835;26.56;3.49;3.49;3.48;3.49
3176;1.835;26.56;3.49;3.49;3.48;3.48
3178;1.835;26.56;3.49;3.49;3.48;3.48
3180;1.837;26.56;3.49;3.49;3.48;3.48
3182;1.833;26.56;3.49;3.49;3.48;3.48
3184;1.835;26.56;3.49;3.49;3.48;3.48
3186;1.835;26.56;3.49;3.49;3.48;3.48
3188;1.835;26.56;3.49;3.49;3.48;3.48
3189;1.832;26.56;3.48;3.49;3.48;3.48
3191;1.83;26.56;3.48;3.49;3.48;3.48
3193;1.832;26.56;3.48;3.49;3.48;3.48
3195;1.835;26.56;3.48;3.49;3.48;3.48
3197;1.833;26.56;3.48;3.49;3.47;3.48
3199;1.832;26.56;3.48;3.49;3.48;3.48
3201;1.835;26.56;3.48;3.49;3.47;3.48
3203;1.832;26.56;3.48;3.49;3.48;3.48
3204;1.833;26.56;3.48;3.49;3.47;3.48
3206;1.832;26.56;3.48;3.49;3.47;3.48
3208;1.835;26.56;3.48;3.49;3.48;3.48
3210;1.833;26.56;3.48;3.49;3.47;3.48
3212;1.837;26.56;3.48;3.49;3.47;3.48
3214;1.832;26.56;3.48;3.49;3.47;3.48
3216;1.833;26.56;3.48;3.49;3.47;3.48
3218;1.835;26.56;3.48;3.49;3.47;3.48
3219;1.832;26.56;3.48;3.49;3.47;3.48
3221;1.83;26.56;3.48;3.49;3.47;3.48
3223;1.833;26.56;3.48;3.49;3.47;3.48
3225;1.832;26.56;3.48;3.49;3.47;3.48
3227;1.832;26.56;3.48;3.49;3.47;3.48
3229;1.833;26.56;3.48;3.48;3.47;3.48
3231;1.83;26.56;3.48;3.48;3.47;3.48
3232;1.83;26.56;3.48;3.48;3.47;3.48
3234;1.83;26.56;3.48;3.48;3.47;3.48
3236;1.83;26.56;3.48;3.48;3.47;3.48
3238;1.83;26.56;3.48;3.48;3.47;3.48
3240;1.833;26.56;3.48;3.48;3.47;3.48
3242;1.833;26.56;3.48;3.48;3.47;3.48
3244;1.826;26.56;3.48;3.48;3.47;3.47
3246;1.828;26.56;3.48;3.48;3.47;3.48
3247;1.828;26.56;3.48;3.48;3.47;3.48
3249;1.83;26.56;3.48;3.48;3.47;3.47
3251;1.832;26.56;3.48;3.48;3.47;3.47
3253;1.826;26.56;3.48;3.48;3.47;3.47
3255;1.832;26.56;3.47;3.48;3.47;3.47
3257;1.828;26.56;3.47;3.48;3.47;3.47
3259;1.826;26.56;3.47;3.48;3.47;3.47
3261;1.832;26.56;3.47;3.48;3.47;3.47
3262;1.83;26.56;3.47;3.48;3.47;3.47
3264;1.83;26.56;3.47;3.48;3.47;3.47
3266;1.825;26.56;3.47;3.48;3.47;3.47
3268;1.828;26.56;3.47;3.48;3.47;3.47
3270;1.826;26.56;3.47;3.48;3.46;3.47
3272;1.83;26.56;3.47;3.48;3.46;3.47
3274;1.832;26.56;3.47;3.48;3.46;3.47
3276;1.83;26.56;3.47;3.48;3.46;3.47
3277;1.828;26.56;3.47;3.48;3.46;3.47
3279;1.828;26.62;3.47;3.48;3.46;3.47
3281;1.825;26.56;3.47;3.48;3.46;3.47
3283;1.826;26.62;3.47;3.48;3.46;3.47
3285;1.828;26.62;3.47;3.48;3.46;3.47
3287;1.826;26.62;3.47;3.48;3.46;3.47
3289;1.83;26.62;3.47;3.48;3.46;3.47
3291;1.828;26.62;3.47;3.47;3.46;3.47
3292;1.826;26.62;3.47;3.47;3.46;3.47
3294;1.825;26.62;3.47;3.47;3.46;3.47
3296;1.826;26.62;3.47;3.47;3.46;3.47
3298;1.825;26.62;3.47;3.47;3.46;3.47
3300;1.83;26.62;3.47;3.47;3.46;3.47
3302;1.826;26.62;3.47;3.47;3.46;3.47
3304;1.825;26.62;3.47;3.47;3.46;3.47
3306;1.83;26.62;3.47;3.47;3.46;3.47
3307;1.825;26.62;3.47;3.47;3.46;3.47
3309;1.826;26.62;3.47;3.47;3.46;3.47
3311;1.823;26.62;3.47;3.47;3.46;3.46
3313;1.825;26.62;3.47;3.47;3.46;3.46
3315;1.823;26.62;3.47;3.47;3.46;3.47
3317;1.826;26.62;3.47;3.47;3.46;3.46
3319;1.828;26.62;3.46;3.47;3.46;3.46
3320;1.826;26.69;3.46;3.47;3.46;3.46
3322;1.826;26.69;3.46;3.47;3.46;3.46
3324;1.825;26.69;3.46;3.47;3.46;3.46
3326;1.825;26.69;3.46;3.47;3.46;3.46
3328;1.826;26.69;3.46;3.47;3.46;3.46
3330;1.825;26.69;3.46;3.47;3.46;3.46
3332;1.825;26.69;3.46;3.47;3.46;3.46
3334;1.823;26.69;3.46;3.47;3.46;3.46
3335;1.825;26.69;3.46;3.47;3.46;3.46
3337;1.823;26.69;3.46;3.47;3.46;3.46
3339;1.823;26.69;3.46;3.47;3.46;3.46
3341;1.826;26.69;3.46;3.47;3.45;3.46
3343;1.825;26.69;3.46;3.47;3.46;3.46
3345;1.826;26.69;3.46;3.47;3.45;3.46
3347;1.823;26.69;3.46;3.47;3.45;3.46
3349;1.821;26.69;3.46;3.47;3.45;3.46
3350;1.821;26.69;3.46;3.46;3.45;3.46
3352;1.826;26.69;3.46;3.46;3.45;3.46
3354;1.823;26.69;3.46;3.46;3.45;3.46
3356;1.817;26.69;3.46;3.46;3.45;3.46
3358;1.821;26.69;3.46;3.46;3.45;3.46
3360;1.819;26.69;3.46;3.46;3.45;3.46
3362;1.821;26.69;3.46;3.46;3.45;3.46
3364;1.821;26.69;3.46;3.46;3.45;3.46
3365;1.823;26.69;3.46;3.46;3.45;3.46
3367;1.823;26.69;3.46;3.46;3.45;3.46
3369;1.819;26.69;3.46;3.46;3.45;3.46
3371;1.821;26.69;3.46;3.46;3.45;3.45
3373;1.817;26.69;3.46;3.46;3.45;3.46
3375;1.819;26.75;3.46;3.46;3.45;3.45
3377;1.819;26.75;3.46;3.46;3.45;3.45
3379;1.819;26.75;3.45;3.46;3.45;3.45
3380;1.819;26.75;3.45;3.46;3.45;3.45
3382;1.819;26.75;3.45;3.46;3.45;3.45
3384;1.819;26.75;3.45;3.46;3.45;3.45
3386;1.821;26.75;3.45;3.46;3.45;3.45
3388;1.823;26.75;3.45;3.46;3.45;3.45
3390;1.819;26.75;3.45;3.46;3.45;3.45
3392;1.817;26.75;3.45;3.46;3.45;3.45
3393;1.821;26.75;3.45;3.46;3.45;3.45
3395;1.816;26.75;3.45;3.46;3.45;3.45
3397;1.823;26.75;3.45;3.46;3.45;3.45
3399;1.819;26.75;3.45;3.46;3.45;3.45
3401;1.816;26.75;3.45;3.46;3.45;3.45
3403;1.819;26.75;3.45;3.46;3.44;3.45
3405;1.821;26.75;3.45;3.46;3.44;3.45
3407;1.816;26.75;3.45;3.46;3.44;3.45
3408;1.817;26.75;3.45;3.46;3.44;3.45
3410;1.816;26.75;3.45;3.46;3.44;3.45
3412;1.816;26.75;3.45;3.46;3.44;3.45
3414;1.816;26.75;3.45;3.45;3.44;3.45
3416;1.816;26.75;3.45;3.45;3.44;3.45
3418;1.817;26.75;3.45;3.45;3.44;3.45
3420;1.816;26.75;3.45;3.45;3.44;3.45
3422;1.816;26.75;3.45;3.45;3.44;3.45
3423;1.814;26.75;3.45;3.45;3.44;3.45
3425;1.819;26.75;3.45;3.45;3.44;3.45
3427;1.816;26.75;3.45;3.45;3.44;3.45
3429;1.81;26.75;3.45;3.45;3.44;3.45
3431;1.816;26.75;3.45;3.45;3.44;3.45
3433;1.816;26.75;3.45;3.45;3.44;3.45
3435;1.821;26.75;3.45;3.45;3.44;3.45
3437;1.816;26.81;3.45;3.45;3.44;3.44
3438;1.817;26.81;3.45;3.45;3.44;3.44
3440;1.817;26.81;3.45;3.45;3.44;3.44
3442;1.817;26.81;3.45;3.45;3.44;3.44
3444;1.814;26.81;3.45;3.45;3.44;3.44
3446;1.817;26.81;3.44;3.45;3.44;3.44
3448;1.814;26.81;3.44;3.45;3.44;3.44
3450;1.817;26.81;3.44;3.45;3.44;3.44
3452;1.81;26.81;3.44;3.45;3.44;3.44
3453;1.817;26.81;3.44;3.45;3.44;3.44
3455;1.816;26.81;3.44;3.45;3.44;3.44
3457;1.812;26.81;3.44;3.45;3.44;3.44
3459;1.814;26.81;3.44;3.45;3.44;3.44
3461;1.814;26.81;3.44;3.45;3.44;3.44
3463;1.814;26.81;3.44;3.45;3.43;3.44
3465;1.812;26.81;3.44;3.45;3.43;3.44
3466;1.814;26.81;3.44;3.45;3.43;3.44
3468;1.814;26.81;3.44;3.45;3.43;3.44
3470;1.814;26.81;3.44;3.45;3.43;3.44
3472;1.814;26.81;3.44;3.45;3.43;3.44
3474;1.812;26.81;3.44;3.45;3.43;3.44
3476;1.812;26.81;3.44;3.44;3.43;3.44
3478;1.81;26.81;3.44;3.44;3.43;3.44
3480;1.81;26.81;3.44;3.44;3.43;3.44
3481;1.808;26.81;3.44;3.44;3.43;3.44
3483;1.81;26.81;3.44;3.44;3.43;3.44
3485;1.812;26.81;3.44;3.44;3.43;3.44
3487;1.812;26.81;3.44;3.44;3.43;3.44
3489;1.814;26.81;3.44;3.44;3.43;3.44
3491;1.812;26.81;3.44;3.44;3.43;3.44
3493;1.81;26.81;3.44;3.44;3.43;3.44
3495;1.81;26.81;3.44;3.44;3.43;3.44
3496;1.808;26.87;3.44;3.44;3.43;3.43
3498;1.812;26.87;3.44;3.44;3.43;3.44
3500;1.81;26.87;3.44;3.44;3.43;3.43
3502;1.812;26.87;3.44;3.44;3.43;3.43
3504;1.814;26.87;3.44;3.44;3.43;3.43
3506;1.808;26.87;3.44;3.44;3.43;3.43
3508;1.812;26.87;3.44;3.44;3.43;3.43
3510;1.807;26.87;3.44;3.44;3.43;3.43
3511;1.808;26.87;3.43;3.44;3.43;3.43
3513;1.81;26.87;3.43;3.44;3.43;3.43
3515;1.807;26.87;3.43;3.44;3.42;3.43
3517;1.807;26.87;3.43;3.44;3.43;3.43
3519;1.807;26.87;3.43;3.44;3.42;3.43
3521;1.81;26.87;3.43;3.44;3.42;3.43
3523;1.807;26.87;3.43;3.44;3.42;3.43
3525;1.807;26.87;3.43;3.44;3.42;3.43
3526;1.808;26.87;3.43;3.44;3.42;3.43
3528;1.814;26.87;3.43;3.44;3.42;3.43
3530;1.81;26.87;3.43;3.44;3.42;3.43
3532;1.812;26.87;3.43;3.44;3.42;3.43
3534;1.805;26.87;3.43;3.44;3.42;3.43
3536;1.805;26.87;3.43;3.44;3.42;3.43
3538;1.808;26.87;3.43;3.44;3.42;3.43
3540;1.808;26.87;3.43;3.43;3.42;3.43
3541;1.805;26.87;3.43;3.43;3.42;3.43
3543;1.81;26.87;3.43;3.43;3.42;3.43
3545;1.807;26.94;3.43;3.43;3.42;3.43
3547;1.805;26.94;3.43;3.43;3.42;3.43
3549;1.805;26.94;3.43;3.43;3.42;3.43
3551;1.808;26.94;3.43;3.43;3.42;3.43
3553;1.805;26.94;3.43;3.43;3.42;3.42
3554;1.805;26.94;3.43;3.43;3.42;3.42
3556;1.805;26.94;3.43;3.43;3.42;3.43
3558;1.805;26.94;3.43;3.43;3.42;3.42
3560;1.805;26.94;3.43;3.43;3.42;3.42
3562;1.808;26.94;3.43;3.43;3.42;3.42
3564;1.805;26.94;3.43;3.43;3.42;3.42
3566;1.803;26.94;3.43;3.43;3.42;3.42
3568;1.808;26.94;3.43;3.43;3.42;3.42
3569;1.805;26.94;3.43;3.43;3.42;3.42
3571;1.807;26.94;3.43;3.43;3.41;3.42
3573;1.807;26.94;3.43;3.43;3.41;3.42
3575;1.805;26.94;3.42;3.43;3.41;3.42
3577;1.805;26.94;3.42;3.43;3.41;3.42
3579;1.803;26.94;3.42;3.43;3.41;3.42
3581;1.805;26.94;3.42;3.43;3.41;3.42
3583;1.807;26.94;3.42;3.43;3.41;3.42
3584;1.805;26.94;3.42;3.43;3.41;3.42
3586;1.807;26.94;3.42;3.43;3.41;3.42
3588;1.803;26.94;3.42;3.43;3.41;3.42
3590;1.805;26.94;3.42;3.43;3.41;3.42
3592;1.801;26.94;3.42;3.43;3.41;3.42
3594;1.805;26.94;3.42;3.43;3.41;3.42
3596;1.801;26.94;3.42;3.43;3.41;3.42
3598;1.801;26.94;3.42;3.42;3.41;3.42
3599;1.803;26.94;3.42;3.42;3.41;3.42
3601;1.803;26.94;3.42;3.42;3.41;3.42
3603;1.805;26.94;3.42;3.42;3.41;3.42
3605;1.799;26.94;3.42;3.42;3.41;3.42
3607;1.798;26.94;3.42;3.42;3.41;3.42
3609;1.803;26.94;3.42;3.42;3.41;3.42
3611;1.801;26.94;3.42;3.42;3.41;3.42
3613;1.803;26.94;3.42;3.42;3.41;3.42
3614;1.803;26.94;3.42;3.42;3.41;3.42
3616;1.803;26.94;3.42;3.42;3.41;3.42
3618;1.801;26.94;3.42;3.42;3.41;3.42
3620;1.799;26.94;3.42;3.42;3.41;3.42
3622;1.801;26.94;3.42;3.42;3.4;3.41
3624;1.801;26.94;3.42;3.42;3.41;3.41
3626;1.801;27;3.42;3.42;3.4;3.41
3627;1.803;26.94;3.42;3.42;3.4;3.41
3629;1.798;27;3.42;3.42;3.4;3.41
3631;1.801;27;3.42;3.42;3.4;3.41
3633;1.801;27;3.42;3.42;3.4;3.41
3635;1.798;27;3.42;3.42;3.4;3.41
3637;1.803;26.94;3.41;3.42;3.4;3.41
3639;1.798;27;3.41;3.42;3.4;3.41
3641;1.799;27;3.41;3.42;3.4;3.41
3642;1.799;27;3.41;3.42;3.4;3.41
3644;1.799;27;3.41;3.42;3.4;3.41
3646;1.798;27;3.41;3.42;3.4;3.41
3648;1.799;27;3.41;3.42;3.4;3.41
3650;1.796;27;3.41;3.41;3.4;3.41
3652;1.798;27;3.41;3.42;3.4;3.41
3654;1.801;27;3.41;3.41;3.4;3.41
3656;1.799;27;3.41;3.41;3.4;3.41
3657;1.796;27;3.41;3.41;3.4;3.41
3659;1.799;27;3.41;3.41;3.4;3.41
3661;1.799;27;3.41;3.41;3.4;3.41
3663;1.801;27;3.41;3.41;3.4;3.41
3665;1.798;27;3.41;3.41;3.4;3.41
3667;1.798;27;3.41;3.41;3.4;3.41
3669;1.798;27;3.41;3.41;3.4;3.41
3671;1.796;27;3.41;3.41;3.4;3.41
3672;1.796;27;3.41;3.41;3.4;3.41
3674;1.796;27;3.41;3.41;3.4;3.41
3676;1.798;27;3.41;3.41;3.39;3.41
3678;1.798;27;3.41;3.41;3.39;3.4
3680;1.796;27;3.41;3.41;3.39;3.4
3682;1.792;27;3.41;3.41;3.39;3.4
3684;1.801;27;3.41;3.41;3.39;3.4
3686;1.798;27;3.41;3.41;3.39;3.4
3687;1.796;27;3.41;3.41;3.39;3.4
3689;1.794;27;3.41;3.41;3.39;3.4
3691;1.796;27;3.41;3.41;3.39;3.4
3693;1.796;27;3.41;3.41;3.39;3.4
3695;1.799;27;3.41;3.41;3.39;3.4
3697;1.798;27;3.41;3.41;3.39;3.4
3699;1.794;27;3.4;3.41;3.39;3.4
3700;1.794;27;3.4;3.41;3.39;3.4
3702;1.798;27;3.4;3.41;3.39;3.4
3704;1.794;27;3.4;3.41;3.39;3.4
3706;1.796;27;3.4;3.4;3.39;3.4
3708;1.798;27;3.4;3.41;3.39;3.4
3710;1.792;27;3.4;3.4;3.39;3.4
3712;1.794;27;3.4;3.4;3.39;3.4
3714;1.794;27;3.4;3.4;3.39;3.4
3715;1.794;27;3.4;3.4;3.39;3.4
3717;1.792;27;3.4;3.4;3.39;3.4
3719;1.791;27;3.4;3.4;3.39;3.4
3721;1.792;27.06;3.4;3.4;3.39;3.4
3723;1.792;27;3.4;3.4;3.39;3.4
3725;1.792;27;3.4;3.4;3.39;3.4
3727;1.796;27.06;3.4;3.4;3.39;3.4
3729;1.792;27.06;3.4;3.4;3.39;3.4
3730;1.794;27.06;3.4;3.4;3.39;3.39
3732;1.792;27.06;3.4;3.4;3.39;3.39
3734;1.791;27.06;3.4;3.4;3.39;3.39
3736;1.792;27.06;3.4;3.4;3.38;3.39
3738;1.791;27.06;3.4;3.4;3.39;3.39
3740;1.792;27.06;3.4;3.4;3.39;3.39
3742;1.792;27.06;3.4;3.4;3.38;3.39
3744;1.789;27.06;3.4;3.4;3.38;3.39
3745;1.789;27.06;3.4;3.4;3.38;3.39
3747;1.792;27.06;3.4;3.4;3.38;3.39
3749;1.789;27.06;3.4;3.4;3.38;3.39
3751;1.791;27.06;3.4;3.4;3.38;3.39
3753;1.787;27.06;3.39;3.4;3.38;3.39
3755;1.789;27.06;3.39;3.4;3.38;3.39
3757;1.791;27.06;3.39;3.4;3.38;3.39
3759;1.787;27.06;3.39;3.4;3.38;3.39
3760;1.789;27.06;3.39;3.39;3.38;3.39
3762;1.789;27.06;3.39;3.39;3.38;3.39
3764;1.789;27.06;3.39;3.39;3.38;3.39
3766;1.785;27.06;3.39;3.39;3.38;3.39
3768;1.787;27.06;3.39;3.39;3.38;3.39
3770;1.791;27.06;3.39;3.39;3.38;3.39
3772;1.787;27.06;3.39;3.39;3.38;3.39
3774;1.791;27.06;3.39;3.39;3.38;3.39
3775;1.789;27.06;3.39;3.39;3.38;3.39
3777;1.785;27.06;3.39;3.39;3.38;3.39
3779;1.787;27.06;3.39;3.39;3.38;3.39
3781;1.787;27.06;3.39;3.39;3.38;3.39
3783;1.787;27.06;3.39;3.39;3.38;3.39
3785;1.787;27.06;3.39;3.39;3.38;3.39
3787;1.785;27.06;3.39;3.39;3.38;3.39
3788;1.785;27.06;3.39;3.39;3.38;3.38
3790;1.785;27.06;3.39;3.39;3.38;3.38
3792;1.785;27.06;3.39;3.39;3.38;3.38
3794;1.787;27.06;3.39;3.39;3.38;3.38
3796;1.785;27.06;3.39;3.39;3.38;3.38
3798;1.783;27.06;3.39;3.39;3.38;3.38
3800;1.787;27.06;3.39;3.39;3.38;3.38
3802;1.785;27.06;3.39;3.39;3.38;3.38
3803;1.785;27.06;3.39;3.39;3.38;3.38
3805;1.785;27.06;3.39;3.39;3.38;3.38
3807;1.787;27.06;3.38;3.39;3.37;3.38
3809;1.783;27.06;3.38;3.39;3.37;3.38
3811;1.783;27.06;3.38;3.38;3.37;3.38
3813;1.782;27.06;3.38;3.38;3.37;3.38
3815;1.787;27.06;3.38;3.38;3.37;3.38
3817;1.783;27.06;3.38;3.38;3.37;3.38
3818;1.785;27.06;3.38;3.38;3.37;3.38
3820;1.787;27.06;3.38;3.38;3.37;3.38
3822;1.785;27.06;3.38;3.38;3.37;3.38
3824;1.783;27.12;3.38;3.38;3.37;3.38
3826;1.783;27.12;3.38;3.38;3.37;3.38
3828;1.783;27.12;3.38;3.38;3.37;3.38
3830;1.785;27.12;3.38;3.38;3.37;3.38
3832;1.78;27.12;3.38;3.38;3.37;3.38
3833;1.783;27.12;3.38;3.38;3.37;3.38
3835;1.782;27.12;3.38;3.38;3.37;3.38
3837;1.783;27.12;3.38;3.38;3.37;3.38
3839;1.78;27.12;3.38;3.38;3.37;3.38
3841;1.782;27.12;3.38;3.38;3.37;3.38
3843;1.782;27.12;3.38;3.38;3.37;3.38
3845;1.785;27.12;3.38;3.38;3.37;3.38
3847;1.78;27.12;3.38;3.38;3.37;3.37
3848;1.78;27.12;3.38;3.38;3.37;3.37
3850;1.782;27.12;3.38;3.38;3.37;3.37
3852;1.78;27.19;3.38;3.38;3.37;3.37
3854;1.78;27.12;3.38;3.38;3.36;3.37
3856;1.78;27.12;3.38;3.38;3.37;3.37
3858;1.782;27.12;3.38;3.38;3.36;3.37
3860;1.78;27.12;3.37;3.37;3.37;3.37
3861;1.785;27.12;3.37;3.38;3.36;3.37
3863;1.78;27.12;3.37;3.37;3.36;3.37
3865;1.782;27.19;3.37;3.37;3.36;3.37
3867;1.776;27.12;3.37;3.37;3.36;3.37
3869;1.778;27.12;3.37;3.37;3.36;3.37
3871;1.776;27.12;3.37;3.37;3.36;3.37
3873;1.778;27.12;3.37;3.37;3.36;3.37
3875;1.778;27.12;3.37;3.37;3.36;3.37
3876;1.778;27.12;3.37;3.37;3.36;3.37
3878;1.776;27.12;3.37;3.37;3.36;3.37
3880;1.776;27.12;3.37;3.37;3.36;3.37
3882;1.773;27.12;3.37;3.37;3.36;3.37
3884;1.776;27.12;3.37;3.37;3.36;3.37
3886;1.778;27.12;3.37;3.37;3.36;3.37
3888;1.78;27.12;3.37;3.37;3.36;3.37
3890;1.776;27.12;3.37;3.37;3.36;3.37
3891;1.778;27.12;3.37;3.37;3.36;3.37
3893;1.778;27.12;3.37;3.37;3.36;3.37
3895;1.774;27.12;3.37;3.37;3.36;3.37
3897;1.778;27.12;3.37;3.37;3.36;3.37
3899;1.776;27.12;3.37;3.37;3.36;3.36
3901;1.774;27.12;3.37;3.37;3.36;3.37
3903;1.773;27.19;3.37;3.37;3.36;3.36
3905;1.774;27.12;3.37;3.37;3.35;3.36
3906;1.776;27.12;3.37;3.37;3.35;3.36
3908;1.773;27.19;3.37;3.37;3.35;3.36
3910;1.78;27.12;3.37;3.36;3.35;3.36
3912;1.776;27.12;3.36;3.36;3.35;3.36
3914;1.773;27.19;3.36;3.36;3.35;3.36
3916;1.774;27.19;3.36;3.36;3.35;3.36
3918;1.778;27.19;3.36;3.36;3.35;3.36
3920;1.773;27.19;3.36;3.36;3.35;3.36
3921;1.773;27.19;3.36;3.36;3.35;3.36
3923;1.771;27.19;3.36;3.36;3.35;3.36
3925;1.773;27.19;3.36;3.36;3.35;3.36
3927;1.773;27.12;3.36;3.36;3.35;3.36
3929;1.773;27.19;3.36;3.36;3.35;3.36
3931;1.774;27.19;3.36;3.36;3.35;3.36
3933;1.776;27.19;3.36;3.36;3.35;3.36
3934;1.773;27.19;3.36;3.36;3.35;3.36
3936;1.771;27.19;3.36;3.36;3.35;3.36
3938;1.774;27.19;3.36;3.36;3.35;3.36
3940;1.773;27.19;3.36;3.36;3.35;3.36
3942;1.771;27.19;3.36;3.36;3.35;3.36
3944;1.773;27.19;3.36;3.36;3.35;3.36
3946;1.773;27.19;3.36;3.36;3.35;3.36
3948;1.771;27.19;3.36;3.36;3.35;3.35
3949;1.771;27.19;3.36;3.36;3.35;3.35
3951;1.773;27.19;3.36;3.36;3.35;3.36
3953;1.773;27.19;3.36;3.35;3.35;3.35
3955;1.769;27.19;3.36;3.35;3.35;3.35
3957;1.769;27.19;3.36;3.35;3.35;3.35
3959;1.771;27.19;3.36;3.35;3.34;3.35
3961;1.771;27.19;3.36;3.35;3.34;3.35
3963;1.769;27.19;3.35;3.35;3.34;3.35
3964;1.773;27.19;3.35;3.35;3.34;3.35
3966;1.773;27.19;3.35;3.35;3.34;3.35
3968;1.767;27.19;3.35;3.35;3.34;3.35
3970;1.771;27.19;3.35;3.35;3.34;3.35
3972;1.767;27.19;3.35;3.35;3.34;3.35
3974;1.767;27.19;3.35;3.35;3.34;3.35
3976;1.767;27.19;3.35;3.35;3.34;3.35
3978;1.769;27.19;3.35;3.35;3.34;3.35
3979;1.767;27.19;3.35;3.35;3.34;3.35
3981;1.769;27.19;3.35;3.35;3.34;3.35
3983;1.765;27.19;3.35;3.35;3.34;3.35
3985;1.771;27.19;3.35;3.35;3.34;3.35
3987;1.767;27.19;3.35;3.35;3.34;3.35
3989;1.769;27.19;3.35;3.35;3.34;3.35
3991;1.769;27.19;3.35;3.34;3.34;3.35
3993;1.769;27.19;3.35;3.34;3.34;3.35
3994;1.767;27.19;3.35;3.34;3.34;3.34
3996;1.765;27.19;3.35;3.34;3.34;3.35
3998;1.765;27.19;3.35;3.34;3.34;3.34
4000;1.767;27.19;3.35;3.34;3.34;3.34
4002;1.769;27.19;3.35;3.34;3.34;3.34
4004;1.767;27.19;3.35;3.34;3.34;3.34
4006;1.767;27.19;3.35;3.34;3.34;3.34
4008;1.767;27.19;3.35;3.34;3.34;3.34
4009;1.765;27.19;3.35;3.34;3.34;3.34
4011;1.765;27.19;3.35;3.34;3.34;3.34
4013;1.769;27.25;3.34;3.34;3.34;3.34
4015;1.764;27.25;3.34;3.34;3.34;3.34
4017;1.765;27.25;3.34;3.34;3.34;3.34
4019;1.762;27.25;3.34;3.34;3.34;3.34
4021;1.764;27.25;3.34;3.34;3.33;3.34
4022;1.764;27.25;3.34;3.33;3.33;3.34
4024;1.764;27.25;3.34;3.33;3.33;3.34
4026;1.764;27.25;3.34;3.33;3.33;3.34
4028;1.762;27.25;3.34;3.33;3.33;3.34
4030;1.764;27.25;3.34;3.33;3.33;3.34
4032;1.76;27.25;3.34;3.33;3.33;3.34
4034;1.76;27.25;3.34;3.33;3.33;3.34
4036;1.758;27.25;3.34;3.33;3.33;3.34
4037;1.762;27.25;3.34;3.33;3.33;3.34
4039;1.764;27.25;3.34;3.33;3.33;3.34
4041;1.762;27.25;3.34;3.33;3.33;3.33
4043;1.764;27.25;3.34;3.33;3.33;3.33
4045;1.76;27.25;3.34;3.33;3.33;3.33
4047;1.758;27.25;3.34;3.33;3.33;3.33
4049;1.758;27.31;3.34;3.33;3.33;3.33
4051;1.758;27.31;3.34;3.33;3.33;3.33
4052;1.76;27.31;3.34;3.33;3.33;3.33
4054;1.76;27.31;3.34;3.33;3.33;3.33
4056;1.76;27.31;3.34;3.32;3.33;3.33
4058;1.76;27.31;3.33;3.32;3.33;3.33
4060;1.758;27.31;3.33;3.32;3.33;3.33
4062;1.757;27.31;3.33;3.32;3.33;3.33
4064;1.762;27.31;3.33;3.32;3.33;3.33
4066;1.755;27.31;3.33;3.32;3.32;3.33
4067;1.757;27.31;3.33;3.32;3.33;3.33
4069;1.758;27.31;3.33;3.32;3.32;3.33
4071;1.758;27.31;3.33;3.32;3.32;3.33
4073;1.757;27.31;3.33;3.32;3.32;3.33
4075;1.757;27.31;3.33;3.32;3.32;3.33
4077;1.76;27.31;3.33;3.32;3.32;3.33
4079;1.755;27.31;3.33;3.32;3.32;3.33
4081;1.757;27.31;3.33;3.32;3.32;3.32
4082;1.755;27.31;3.33;3.32;3.32;3.33
4084;1.758;27.31;3.33;3.32;3.32;3.33
4086;1.755;27.31;3.33;3.32;3.32;3.33
4088;1.755;27.31;3.33;3.31;3.32;3.32
4090;1.755;27.31;3.33;3.31;3.32;3.32
4092;1.757;27.31;3.33;3.31;3.32;3.32
4094;1.758;27.31;3.33;3.31;3.32;3.32
4095;1.755;27.31;3.33;3.31;3.32;3.32
4097;1.755;27.31;3.33;3.31;3.32;3.32
4099;1.755;27.31;3.32;3.31;3.32;3.32
4101;1.751;27.31;3.32;3.31;3.32;3.32
4103;1.755;27.31;3.32;3.31;3.32;3.32
4105;1.749;27.31;3.32;3.31;3.32;3.32
4107;1.751;27.31;3.32;3.31;3.32;3.32
4109;1.748;27.31;3.32;3.31;3.32;3.32
4110;1.753;27.31;3.32;3.31;3.32;3.32
4112;1.751;27.31;3.32;3.31;3.32;3.32
4114;1.755;27.31;3.32;3.31;3.32;3.32
4116;1.749;27.31;3.32;3.31;3.31;3.32
4118;1.749;27.31;3.32;3.31;3.31;3.32
4120;1.751;27.31;3.32;3.31;3.31;3.31
4122;1.751;27.31;3.32;3.3;3.31;3.32
4124;1.749;27.31;3.32;3.3;3.31;3.32
4125;1.748;27.31;3.32;3.3;3.31;3.31
4127;1.749;27.31;3.32;3.3;3.31;3.31
4129;1.749;27.31;3.32;3.3;3.31;3.31
4131;1.753;27.31;3.32;3.3;3.31;3.31
4133;1.749;27.31;3.32;3.3;3.31;3.31
4135;1.746;27.31;3.31;3.3;3.31;3.31
4137;1.749;27.31;3.31;3.3;3.31;3.31
4139;1.749;27.31;3.31;3.3;3.31;3.31
4140;1.749;27.31;3.31;3.3;3.31;3.31
4142;1.748;27.31;3.31;3.3;3.31;3.31
4144;1.749;27.31;3.31;3.3;3.31;3.31
4146;1.749;27.31;3.31;3.3;3.31;3.31
4148;1.748;27.31;3.31;3.3;3.31;3.31
4150;1.748;27.31;3.31;3.29;3.31;3.31
4152;1.746;27.31;3.31;3.29;3.31;3.31
4154;1.746;27.31;3.31;3.29;3.31;3.31
4155;1.746;27.37;3.31;3.29;3.31;3.31
4157;1.744;27.31;3.31;3.29;3.31;3.3
4159;1.746;27.31;3.31;3.29;3.31;3.3
4161;1.742;27.31;3.31;3.29;3.31;3.31
4163;1.746;27.31;3.31;3.29;3.31;3.3
4165;1.746;27.31;3.31;3.29;3.3;3.3
4167;1.748;27.31;3.31;3.29;3.3;3.3
4168;1.744;27.37;3.3;3.29;3.3;3.3
4170;1.744;27.31;3.3;3.29;3.3;3.3
4172;1.74;27.37;3.3;3.29;3.3;3.3
4174;1.742;27.37;3.3;3.29;3.3;3.3
4176;1.742;27.31;3.3;3.29;3.3;3.3
4178;1.744;27.31;3.3;3.29;3.3;3.3
4180;1.744;27.31;3.3;3.28;3.3;3.3
4182;1.742;27.31;3.3;3.28;3.3;3.3
4183;1.742;27.31;3.3;3.28;3.3;3.3
4185;1.74;27.31;3.3;3.28;3.3;3.3
4187;1.744;27.31;3.3;3.28;3.3;3.3
4189;1.742;27.31;3.3;3.28;3.3;3.29
4191;1.742;27.31;3.3;3.28;3.3;3.29
4193;1.742;27.31;3.3;3.28;3.3;3.29
4195;1.74;27.31;3.3;3.28;3.3;3.29
4197;1.74;27.37;3.3;3.28;3.3;3.29
4198;1.739;27.31;3.3;3.28;3.3;3.29
4200;1.74;27.37;3.3;3.28;3.3;3.29
4202;1.74;27.37;3.29;3.28;3.3;3.29
4204;1.744;27.31;3.29;3.28;3.29;3.29
4206;1.737;27.37;3.29;3.27;3.29;3.29
4208;1.739;27.37;3.29;3.27;3.29;3.29
4210;1.74;27.37;3.29;3.27;3.29;3.29
4212;1.739;27.37;3.29;3.27;3.29;3.29
4213;1.737;27.37;3.29;3.27;3.29;3.29
4215;1.737;27.37;3.29;3.27;3.29;3.29
4217;1.742;27.37;3.29;3.27;3.29;3.29
4219;1.733;27.37;3.29;3.27;3.29;3.29
4221;1.737;27.37;3.29;3.27;3.29;3.28
4223;1.733;27.37;3.29;3.27;3.29;3.28
4225;1.737;27.37;3.29;3.27;3.29;3.28
4227;1.735;27.37;3.29;3.27;3.29;3.28
4228;1.735;27.37;3.29;3.27;3.29;3.28
4230;1.735;27.37;3.29;3.27;3.29;3.28
4232;1.735;27.37;3.29;3.26;3.29;3.28
4234;1.735;27.37;3.28;3.26;3.29;3.28
4236;1.73;27.37;3.28;3.26;3.29;3.28
4238;1.733;27.37;3.28;3.26;3.29;3.28
4240;1.732;27.37;3.28;3.26;3.29;3.28
4242;1.735;27.37;3.28;3.26;3.28;3.28
4243;1.735;27.37;3.28;3.26;3.28;3.28
4245;1.73;27.37;3.28;3.26;3.28;3.28
4247;1.735;27.37;3.28;3.26;3.28;3.28
4249;1.733;27.37;3.28;3.26;3.28;3.28
4251;1.73;27.37;3.28;3.26;3.28;3.27
4253;1.732;27.37;3.28;3.26;3.28;3.27
4255;1.73;27.37;3.28;3.26;3.28;3.27
4256;1.73;27.37;3.28;3.26;3.28;3.27
4258;1.732;27.37;3.28;3.25;3.28;3.27
4260;1.73;27.37;3.28;3.25;3.28;3.27
4262;1.726;27.37;3.28;3.25;3.25;3.27
4264;1.728;27.37;3.26;3.25;3.28;3.27
4266;1.724;27.37;3.28;3.25;3.25;3.27
4268;1.726;27.37;3.26;3.25;3.28;3.27
4270;1.728;27.37;3.27;3.25;3.24;3.27
4271;1.728;27.37;3.25;3.25;3.27;3.27
4273;1.726;27.37;3.27;3.25;3.24;3.27
4275;1.721;27.37;3.26;3.25;3.27;3.26
4277;1.719;27.37;3.27;3.25;3.24;3.27
4279;1.724;27.37;3.25;3.25;3.27;3.27
4281;1.721;27.37;3.27;3.25;3.24;3.26
4283;1.723;27.37;3.25;3.25;3.27;3.26
4285;1.719;27.44;3.27;3.25;3.24;3.26
4286;1.724;27.37;3.25;3.25;3.27;3.25
4288;1.719;27.37;3.27;3.24;3.23;3.26
4290;1.721;27.37;3.25;3.24;3.27;3.26
4292;1.721;27.44;3.26;3.24;3.23;3.26
4294;1.719;27.44;3.25;3.24;3.27;3.25
4296;1.721;27.44;3.26;3.24;3.23;3.26
4298;1.721;27.37;3.24;3.24;3.26;3.26
4300;1.714;27.37;3.26;3.24;3.23;3.26
4301;1.719;27.44;3.24;3.24;3.26;3.26
4303;1.717;27.44;3.26;3.24;3.23;3.26
4305;1.721;27.37;3.24;3.24;3.26;3.24
4307;1.717;27.37;3.26;3.24;3.23;3.25
4309;1.719;27.44;3.24;3.24;3.26;3.25
4311;1.717;27.44;3.26;3.23;3.23;3.25
4313;1.717;27.44;3.24;3.23;3.26;3.25
4315;1.715;27.44;3.25;3.23;3.23;3.25
4316;1.719;27.44;3.23;3.23;3.26;3.25
4318;1.714;27.44;3.25;3.23;3.23;3.25
4320;1.715;27.44;3.23;3.23;3.26;3.25
4322;1.714;27.44;3.25;3.23;3.22;3.25
4324;1.715;27.44;3.23;3.23;3.25;3.25
4326;1.714;27.44;3.25;3.23;3.22;3.25
4328;1.714;27.44;3.23;3.23;3.25;3.23
4329;1.712;27.44;3.25;3.23;3.22;3.24
4331;1.715;27.44;3.23;3.23;3.25;3.24
4333;1.712;27.44;3.25;3.22;3.22;3.24
4335;1.715;27.44;3.23;3.22;3.25;3.24
4337;1.708;27.44;3.24;3.22;3.22;3.24
4339;1.712;27.44;3.22;3.22;3.25;3.24
4341;1.712;27.44;3.24;3.22;3.22;3.24
4343;1.71;27.44;3.22;3.22;3.25;3.24
4344;1.71;27.44;3.24;3.22;3.21;3.24
4346;1.708;27.44;3.22;3.22;3.25;3.23
4348;1.708;27.44;3.24;3.22;3.21;3.24
4350;1.706;27.44;3.22;3.22;3.25;3.22
4352;1.71;27.44;3.24;3.22;3.21;3.23
4354;1.706;27.44;3.22;3.22;3.24;3.23
4356;1.708;27.44;3.24;3.21;3.21;3.23
4358;1.71;27.5;3.22;3.21;3.24;3.23
4359;1.705;27.5;3.23;3.21;3.21;3.23
4361;1.703;27.5;3.21;3.21;3.24;3.23
4363;1.705;27.5;3.23;3.21;3.21;3.23
4365;1.706;27.5;3.21;3.21;3.24;3.23
4367;1.706;27.5;3.23;3.21;3.2;3.23
4369;1.703;27.5;3.21;3.21;3.24;3.22
4371;1.706;27.5;3.23;3.21;3.2;3.23
4373;1.703;27.5;3.21;3.21;3.24;3.23
4374;1.703;27.5;3.23;3.21;3.2;3.22
4376;1.703;27.5;3.21;3.21;3.23;3.23
4378;1.703;27.5;3.23;3.2;3.2;3.22
4380;1.705;27.56;3.21;3.2;3.23;3.22
4382;1.701;27.5;3.22;3.2;3.2;3.22
4384;1.701;27.56;3.21;3.2;3.23;3.21
4386;1.701;27.56;3.22;3.2;3.2;3.22
4388;1.701;27.56;3.2;3.2;3.23;3.22
4389;1.698;27.56;3.22;3.2;3.2;3.22
4391;1.699;27.56;3.2;3.2;3.23;3.21
4393;1.699;27.56;3.22;3.2;3.2;3.22
4395;1.705;27.56;3.2;3.2;3.23;3.22
4397;1.696;27.56;3.22;3.2;3.19;3.21
4399;1.703;27.56;3.2;3.19;3.22;3.22
4401;1.696;27.56;3.21;3.19;3.19;3.21
4402;1.696;27.56;3.2;3.19;3.23;3.2
4404;1.696;27.56;3.21;3.19;3.19;3.21
4406;1.701;27.56;3.19;3.19;3.22;3.21
4408;1.698;27.56;3.21;3.19;3.19;3.21
4410;1.696;27.56;3.19;3.19;3.22;3.21
4412;1.694;27.56;3.21;3.19;3.19;3.21
4414;1.692;27.56;3.19;3.19;3.22;3.2
4416;1.694;27.56;3.21;3.19;3.19;3.21
4417;1.698;27.56;3.19;3.19;3.22;3.21
4419;1.692;27.62;3.21;3.19;3.19;3.2
4421;1.696;27.62;3.19;3.18;3.22;3.2
4423;1.692;27.62;3.2;3.18;3.18;3.2
4425;1.694;27.62;3.18;3.18;3.22;3.2
4427;1.69;27.62;3.2;3.18;3.18;3.2
4429;1.694;27.62;3.18;3.18;3.21;3.2
4431;1.69;27.62;3.2;3.18;3.18;3.2
4432;1.689;27.62;3.18;3.18;3.21;3.19
4434;1.692;27.62;3.2;3.18;3.18;3.2
4436;1.69;27.62;3.18;3.18;3.21;3.2
4438;1.689;27.62;3.2;3.18;3.18;3.2
4440;1.696;27.62;3.19;3.17;3.21;3.19
4442;1.69;27.62;3.2;3.17;3.18;3.19
4444;1.692;27.62;3.18;3.17;3.21;3.19
4446;1.689;27.69;3.19;3.17;3.18;3.19
4447;1.69;27.69;3.17;3.17;3.21;3.19
4449;1.689;27.69;3.19;3.17;3.17;3.19
4451;1.685;27.69;3.19;3.17;3.21;3.18
4453;1.687;27.69;3.19;3.17;3.17;3.19
4455;1.687;27.69;3.17;3.17;3.2;3.19
4457;1.689;27.69;3.19;3.17;3.17;3.19
4459;1.69;27.69;3.17;3.17;3.2;3.19
4461;1.685;27.69;3.19;3.16;3.17;3.19
4462;1.69;27.69;3.18;3.16;3.2;3.18
4464;1.683;27.69;3.19;3.16;3.17;3.18
4466;1.687;27.69;3.17;3.16;3.2;3.18
4468;1.681;27.69;3.18;3.16;3.17;3.18
4470;1.69;27.69;3.18;3.16;3.2;3.18
4472;1.683;27.69;3.18;3.16;3.17;3.18
4474;1.68;27.69;3.16;3.16;3.2;3.18
4476;1.68;27.69;3.18;3.16;3.16;3.18
4477;1.685;27.75;3.16;3.16;3.19;3.18
4479;1.681;27.75;3.18;3.16;3.16;3.18
4481;1.685;27.75;3.17;3.15;3.19;3.18
4483;1.678;27.75;3.18;3.15;3.16;3.18
4485;1.683;27.75;3.16;3.15;3.19;3.18
4487;1.678;27.75;3.17;3.15;3.16;3.17
4489;1.683;27.75;3.17;3.15;3.19;3.17
4490;1.676;27.75;3.17;3.15;3.16;3.17
4492;1.678;27.75;3.15;3.15;3.19;3.17
4494;1.676;27.75;3.17;3.15;3.16;3.17
4496;1.68;27.75;3.17;3.15;3.19;3.17
4498;1.678;27.75;3.17;3.15;3.15;3.17
4500;1.678;27.75;3.15;3.15;3.18;3.17
4502;1.676;27.75;3.17;3.15;3.15;3.17
4504;1.678;27.81;3.16;3.14;3.18;3.16
4505;1.678;27.81;3.17;3.14;3.15;3.16
4507;1.676;27.81;3.15;3.14;3.18;3.16
4509;1.676;27.81;3.16;3.14;3.15;3.16
4511;1.678;27.81;3.16;3.14;3.18;3.16
4513;1.671;27.81;3.16;3.14;3.15;3.16
4515;1.676;27.81;3.14;3.14;3.18;3.16
4517;1.672;27.81;3.16;3.14;3.15;3.16
4519;1.672;27.81;3.16;3.13;3.18;3.16
4520;1.674;27.81;3.16;3.14;3.15;3.16
4522;1.672;27.81;3.16;3.13;3.17;3.16
4524;1.672;27.81;3.16;3.13;3.14;3.16
4526;1.672;27.81;3.14;3.13;3.17;3.16
4528;1.669;27.81;3.15;3.13;3.14;3.15
4530;1.672;27.81;3.15;3.13;3.17;3.15
4532;1.671;27.81;3.15;3.13;3.14;3.15
4534;1.669;27.87;3.15;3.13;3.17;3.15
4535;1.667;27.81;3.15;3.13;3.14;3.15
4537;1.671;27.81;3.13;3.13;3.17;3.15
4539;1.667;27.87;3.15;3.13;3.14;3.15
4541;1.671;27.87;3.15;3.12;3.17;3.15
4543;1.667;27.87;3.15;3.13;3.13;3.15
4545;1.669;27.87;3.14;3.12;3.16;3.14
4547;1.667;27.87;3.15;3.12;3.13;3.14
4549;1.667;27.87;3.14;3.12;3.16;3.14
4550;1.664;27.87;3.15;3.12;3.13;3.14
4552;1.665;27.87;3.13;3.12;3.16;3.14
4554;1.665;27.87;3.14;3.12;3.13;3.14
4556;1.667;27.87;3.14;3.12;3.16;3.14
4558;1.667;27.87;3.14;3.12;3.13;3.14
4560;1.664;27.87;3.14;3.12;3.16;3.14
4562;1.662;27.87;3.14;3.12;3.13;3.14
4563;1.664;27.94;3.14;3.11;3.15;3.14
4565;1.66;27.94;3.14;3.11;3.13;3.14
4567;1.665;27.94;3.13;3.11;3.15;3.13
4569;1.658;27.94;3.14;3.11;3.12;3.13
4571;1.665;27.94;3.12;3.11;3.15;3.13
4573;1.658;27.94;3.13;3.11;3.12;3.13
4575;1.662;27.94;3.13;3.11;3.15;3.13
4577;1.658;27.94;3.13;3.11;3.12;3.13
4578;1.658;27.94;3.11;3.11;3.15;3.13
4580;1.656;27.94;3.13;3.11;3.12;3.13
4582;1.664;27.94;3.13;3.1;3.15;3.13
4584;1.655;27.94;3.13;3.11;3.11;3.13
4586;1.656;27.94;3.12;3.1;3.14;3.13
4588;1.656;27.94;3.13;3.1;3.11;3.12
4590;1.656;27.94;3.12;3.1;3.14;3.12
4592;1.655;27.94;3.13;3.1;3.11;3.12
4593;1.655;27.94;3.11;3.1;3.14;3.12
4595;1.653;28;3.12;3.1;3.11;3.12
4597;1.656;27.94;3.12;3.1;3.14;3.12
4599;1.658;27.94;3.12;3.1;3.11;3.12
4601;1.655;28;3.1;3.1;3.14;3.12
4603;1.651;27.94;3.12;3.1;3.1;3.11
4605;1.656;28;3.11;3.09;3.13;3.11
4607;1.651;28;3.12;3.09;3.1;3.11
4608;1.653;28;3.1;3.09;3.13;3.11
4610;1.647;28;3.11;3.09;3.1;3.11
4612;1.651;28;3.11;3.09;3.13;3.11
4614;1.649;28;3.11;3.09;3.1;3.11
4616;1.651;28;3.09;3.09;3.13;3.11
4618;1.649;28;3.11;3.09;3.1;3.11
4620;1.647;28;3.11;3.09;3.12;3.11
4622;1.646;28;3.11;3.09;3.09;3.11
4623;1.649;28;3.09;3.09;3.12;3.11
4625;1.646;28;3.11;3.09;3.09;3.1
4627;1.651;28;3.1;3.08;3.12;3.1
4629;1.646;28;3.11;3.08;3.09;3.1
4631;1.646;28;3.09;3.08;3.12;3.1
4633;1.64;28;3.1;3.08;3.09;3.1
4635;1.644;28;3.1;3.08;3.12;3.1
4637;1.644;28;3.1;3.08;3.09;3.1
4638;1.644;28.06;3.08;3.08;3.12;3.1
4640;1.644;28;3.1;3.08;3.08;3.1
4642;1.647;28;3.1;3.08;3.11;3.09
4644;1.642;28.06;3.1;3.08;3.08;3.09
4646;1.644;28.06;3.08;3.08;3.11;3.09
4648;1.64;28.06;3.09;3.08;3.08;3.09
4650;1.646;28.06;3.09;3.07;3.11;3.09
4651;1.64;28.06;3.09;3.07;3.08;3.09
4653;1.64;28.06;3.07;3.07;3.11;3.09
4655;1.637;28.06;3.09;3.07;3.07;3.09
4657;1.642;28.06;3.09;3.07;3.1;3.09
4659;1.637;28.06;3.09;3.07;3.07;3.09
4661;1.637;28.06;3.07;3.07;3.1;3.09
4663;1.635;28.12;3.09;3.07;3.07;3.08
4665;1.64;28.12;3.08;3.07;3.1;3.08
4666;1.637;28.12;3.09;3.07;3.07;3.08
4668;1.637;28.12;3.07;3.06;3.1;3.08
4670;1.631;28.12;3.08;3.06;3.07;3.08
4672;1.637;28.12;3.08;3.06;3.09;3.08
4674;1.635;28.12;3.08;3.06;3.07;3.08
4676;1.637;28.12;3.06;3.06;3.09;3.08
4678;1.63;28.12;3.08;3.06;3.06;3.08
4680;1.633;28.12;3.08;3.06;3.09;3.08
4681;1.633;28.12;3.08;3.06;3.06;3.07
4683;1.635;28.12;3.06;3.06;3.09;3.08
4685;1.633;28.12;3.08;3.06;3.06;3.07
4687;1.633;28.12;3.07;3.05;3.09;3.07
4689;1.63;28.12;3.08;3.05;3.06;3.07
4691;1.63;28.12;3.06;3.05;3.09;3.07
4693;1.63;28.12;3.07;3.05;3.05;3.07
4695;1.63;28.12;3.05;3.05;3.08;3.07
4696;1.624;28.12;3.07;3.05;3.05;3.07
4698;1.631;28.12;3.07;3.05;3.08;3.07
4700;1.626;28.12;3.07;3.05;3.05;3.06
4702;1.626;28.12;3.05;3.05;3.08;3.06
4704;1.622;28.12;3.07;3.05;3.05;3.06
4706;1.628;28.12;3.06;3.04;3.08;3.06
4708;1.624;28.12;3.07;3.05;3.05;3.06
4710;1.624;28.19;3.05;3.04;3.08;3.06
4711;1.626;28.12;3.06;3.04;3.04;3.06
4713;1.628;28.19;3.06;3.04;3.07;3.06
4715;1.626;28.19;3.06;3.04;3.04;3.06
4717;1.622;28.19;3.04;3.04;3.07;3.06
4719;1.624;28.19;3.06;3.04;3.04;3.06
4721;1.624;28.19;3.04;3.04;3.07;3.06
4723;1.622;28.19;3.06;3.04;3.04;3.05
4724;1.624;28.19;3.05;3.04;3.07;3.05
4726;1.619;28.19;3.06;3.04;3.03;3.05
4728;1.622;28.19;3.04;3.04;3.06;3.05
4730;1.619;28.19;3.05;3.03;3.03;3.05
4732;1.624;28.19;3.05;3.03;3.06;3.05
4734;1.615;28.19;3.05;3.03;3.03;3.05
4736;1.621;28.19;3.03;3.03;3.06;3.05
4738;1.619;28.19;3.05;3.03;3.03;3.05
4739;1.619;28.19;3.05;3.03;3.06;3.05
4741;1.619;28.19;3.05;3.03;3.03;3.05
4743;1.617;28.25;3.03;3.03;3.06;3.04
4745;1.615;28.19;3.05;3.03;3.03;3.04
4747;1.619;28.25;3.04;3.02;3.05;3.04
4749;1.615;28.25;3.04;3.02;3.02;3.04
4751;1.615;28.25;3.02;3.02;3.05;3.04
4753;1.613;28.25;3.04;3.02;3.02;3.04
4754;1.613;28.25;3.02;3.02;3.05;3.04
4756;1.61;28.25;3.04;3.02;3.02;3.04
4758;1.617;28.25;3.04;3.02;3.05;3.03
4760;1.613;28.25;3.04;3.02;3.02;3.03
4762;1.613;28.25;3.02;3.02;3.05;3.03
4764;1.61;28.25;3.04;3.02;3.02;3.03
4766;1.612;28.25;3.02;3.02;3.04;3.03
4768;1.61;28.25;3.03;3.02;3.01;3.03
4769;1.613;28.25;3.03;3.01;3.04;3.03
4771;1.612;28.25;3.03;3.01;3.01;3.03
4773;1.61;28.25;3.01;3.01;3.04;3.03
4775;1.606;28.25;3.03;3.01;3.01;3.03
4777;1.612;28.31;3.01;3.01;3.04;3.03
4779;1.605;28.31;3.03;3.01;3.01;3.03
4781;1.61;28.31;3.02;3.01;3.03;3.02
4783;1.605;28.31;3.03;3.01;3.01;3.02
4784;1.606;28.31;3.01;3.01;3.03;3.02
4786;1.601;28.31;3.02;3;3;3.02
4788;1.605;28.31;3;3;3.03;3.02
4790;1.605;28.31;3.02;3;3;3.02
4792;1.606;28.31;3.02;3;3.03;3.02
4794;1.603;28.31;3.02;3;3;3.02
4796;1.605;28.31;3;3;3.03;3.02
4798;1.601;28.31;3.02;3;3;3.01
4799;1.601;28.37;3;3;3.02;3.02
4801;1.599;28.37;3.01;3;2.99;3.01
